"matchId","difficulty","opponentVersion","humanDisc","ranked","eligible","decisionActor","decisionId","ply","source","model","selectedColumn","failed","errorCode","latencyMs","prepareMs","candidateCount","eligibleCount","questions","requestBytes","inputTokens","outputTokens","utility","utilityGap","requestHash","responseHash","estimatedInputUSD","estimatedOutputUSD","priceConfigured"
"bench-20260922-0-1","normal","benchmark-c4-policy-1.0.0-local","2","false","false","policy","bench-20260922-0-1-ply-1","1","local","","3","false","","9.69758299999998","","7","7","0","","","","","","","","","","true"
"bench-20260922-0-1","normal","benchmark-c4-policy-1.0.0-local","2","false","false","baseline","bench-20260922-0-1-ply-2","2","random","","3","false","","0","","","","0","","","","","","","","","","true"
"bench-20260922-0-1","normal","benchmark-c4-policy-1.0.0-local","2","false","false","policy","bench-20260922-0-1-ply-3","3","local","","2","false","","9.392788999999993","","7","7","0","","","","","","","","","","true"
"bench-20260922-0-1","normal","benchmark-c4-policy-1.0.0-local","2","false","false","baseline","bench-20260922-0-1-ply-4","4","random","","6","false","","0","","","","0","","","","","","","","","","true"
"bench-20260922-0-1","normal","benchmark-c4-policy-1.0.0-local","2","false","false","policy","bench-20260922-0-1-ply-5","5","local","","4","false","","1.9675920000000247","","7","7","0","","","","","","","","","","true"
"bench-20260922-0-1","normal","benchmark-c4-policy-1.0.0-local","2","false","false","baseline","bench-20260922-0-1-ply-6","6","random","","1","false","","0","","","","0","","","","","","","","","","true"
"bench-20260922-0-1","normal","benchmark-c4-policy-1.0.0-local","2","false","false","policy","bench-20260922-0-1-ply-7","7","local","","5","false","","1.3164239999999836","","7","1","0","","","","","","","","","","true"
"bench-20260922-0-2","normal","benchmark-c4-policy-1.0.0-local","1","false","false","baseline","bench-20260922-0-2-ply-1","1","random","","3","false","","0","","","","0","","","","","","","","","","true"
"bench-20260922-0-2","normal","benchmark-c4-policy-1.0.0-local","1","false","false","policy","bench-20260922-0-2-ply-2","2","local","","3","false","","1.7579520000000457","","7","7","0","","","","","","","","","","true"
"bench-20260922-0-2","normal","benchmark-c4-policy-1.0.0-local","1","false","false","baseline","bench-20260922-0-2-ply-3","3","random","","6","false","","0","","","","0","","","","","","","","","","true"
"bench-20260922-0-2","normal","benchmark-c4-policy-1.0.0-local","1","false","false","policy","bench-20260922-0-2-ply-4","4","local","","4","false","","1.6260990000000106","","7","7","0","","","","","","","","","","true"
"bench-20260922-0-2","normal","benchmark-c4-policy-1.0.0-local","1","false","false","baseline","bench-20260922-0-2-ply-5","5","random","","1","false","","0","","","","0","","","","","","","","","","true"
"bench-20260922-0-2","normal","benchmark-c4-policy-1.0.0-local","1","false","false","policy","bench-20260922-0-2-ply-6","6","local","","4","false","","1.0815319999999815","","7","7","0","","","","","","","","","","true"
"bench-20260922-0-2","normal","benchmark-c4-policy-1.0.0-local","1","false","false","baseline","bench-20260922-0-2-ply-7","7","random","","4","false","","0","","","","0","","","","","","","","","","true"
"bench-20260922-0-2","normal","benchmark-c4-policy-1.0.0-local","1","false","false","policy","bench-20260922-0-2-ply-8","8","local","","1","false","","0.8971450000000232","","7","7","0","","","","","","","","","","true"
"bench-20260922-0-2","normal","benchmark-c4-policy-1.0.0-local","1","false","false","baseline","bench-20260922-0-2-ply-9","9","random","","0","false","","0","","","","0","","","","","","","","","","true"
"bench-20260922-0-2","normal","benchmark-c4-policy-1.0.0-local","1","false","false","policy","bench-20260922-0-2-ply-10","10","local","","2","false","","1.1173129999999674","","7","1","0","","","","","","","","","","true"
"bench-20260922-0-2","normal","benchmark-c4-policy-1.0.0-local","1","false","false","baseline","bench-20260922-0-2-ply-11","11","random","","3","false","","0","","","","0","","","","","","","","","","true"
"bench-20260922-0-2","normal","benchmark-c4-policy-1.0.0-local","1","false","false","policy","bench-20260922-0-2-ply-12","12","local","","2","false","","5.316849999999988","","7","1","0","","","","","","","","","","true"
"bench-20260922-1-1","normal","benchmark-c4-policy-1.0.0-local","2","false","false","baseline","bench-20260922-1-1-ply-2","2","random","","3","false","","0","","","","0","","","","","","","","","","true"
"bench-20260922-1-1","normal","benchmark-c4-policy-1.0.0-local","2","false","false","policy","bench-20260922-1-1-ply-3","3","local","","3","false","","2.533354999999972","","7","7","0","","","","","","","","","","true"
"bench-20260922-1-1","normal","benchmark-c4-policy-1.0.0-local","2","false","false","baseline","bench-20260922-1-1-ply-4","4","random","","3","false","","0","","","","0","","","","","","","","","","true"
"bench-20260922-1-1","normal","benchmark-c4-policy-1.0.0-local","2","false","false","policy","bench-20260922-1-1-ply-5","5","local","","5","false","","1.223538000000019","","7","7","0","","","","","","","","","","true"
"bench-20260922-1-1","normal","benchmark-c4-policy-1.0.0-local","2","false","false","baseline","bench-20260922-1-1-ply-6","6","random","","1","false","","0","","","","0","","","","","","","","","","true"
"bench-20260922-1-1","normal","benchmark-c4-policy-1.0.0-local","2","false","false","policy","bench-20260922-1-1-ply-7","7","local","","5","false","","2.1433250000000044","","7","7","0","","","","","","","","","","true"
"bench-20260922-1-1","normal","benchmark-c4-policy-1.0.0-local","2","false","false","baseline","bench-20260922-1-1-ply-8","8","random","","0","false","","0","","","","0","","","","","","","","","","true"
"bench-20260922-1-1","normal","benchmark-c4-policy-1.0.0-local","2","false","false","policy","bench-20260922-1-1-ply-9","9","local","","5","false","","0.9316380000000208","","7","1","0","","","","","","","","","","true"
"bench-20260922-1-2","normal","benchmark-c4-policy-1.0.0-local","1","false","false","policy","bench-20260922-1-2-ply-2","2","local","","3","false","","0.9496120000000019","","7","7","0","","","","","","","","","","true"
"bench-20260922-1-2","normal","benchmark-c4-policy-1.0.0-local","1","false","false","baseline","bench-20260922-1-2-ply-3","3","random","","3","false","","0","","","","0","","","","","","","","","","true"
"bench-20260922-1-2","normal","benchmark-c4-policy-1.0.0-local","1","false","false","policy","bench-20260922-1-2-ply-4","4","local","","2","false","","0.8689830000000143","","7","7","0","","","","","","","","","","true"
"bench-20260922-1-2","normal","benchmark-c4-policy-1.0.0-local","1","false","false","baseline","bench-20260922-1-2-ply-5","5","random","","3","false","","0","","","","0","","","","","","","","","","true"
"bench-20260922-1-2","normal","benchmark-c4-policy-1.0.0-local","1","false","false","policy","bench-20260922-1-2-ply-6","6","local","","1","false","","0.9609780000000114","","7","7","0","","","","","","","","","","true"
"bench-20260922-1-2","normal","benchmark-c4-policy-1.0.0-local","1","false","false","baseline","bench-20260922-1-2-ply-7","7","random","","1","false","","0","","","","0","","","","","","","","","","true"
"bench-20260922-1-2","normal","benchmark-c4-policy-1.0.0-local","1","false","false","policy","bench-20260922-1-2-ply-8","8","local","","4","false","","0.8525710000000117","","7","2","0","","","","","","","","","","true"
"bench-20260922-2-1","normal","benchmark-c4-policy-1.0.0-local","2","false","false","policy","bench-20260922-2-1-ply-3","3","local","","4","false","","1.0699789999999894","","7","7","0","","","","","","","","","","true"
"bench-20260922-2-1","normal","benchmark-c4-policy-1.0.0-local","2","false","false","baseline","bench-20260922-2-1-ply-4","4","random","","2","false","","0","","","","0","","","","","","","","","","true"
"bench-20260922-2-1","normal","benchmark-c4-policy-1.0.0-local","2","false","false","policy","bench-20260922-2-1-ply-5","5","local","","5","false","","1.0903290000000538","","7","7","0","","","","","","","","","","true"
"bench-20260922-2-1","normal","benchmark-c4-policy-1.0.0-local","2","false","false","baseline","bench-20260922-2-1-ply-6","6","random","","1","false","","0","","","","0","","","","","","","","","","true"
"bench-20260922-2-1","normal","benchmark-c4-policy-1.0.0-local","2","false","false","policy","bench-20260922-2-1-ply-7","7","local","","6","false","","1.0758130000000392","","7","1","0","","","","","","","","","","true"
"bench-20260922-2-2","normal","benchmark-c4-policy-1.0.0-local","1","false","false","baseline","bench-20260922-2-2-ply-3","3","random","","2","false","","0","","","","0","","","","","","","","","","true"
"bench-20260922-2-2","normal","benchmark-c4-policy-1.0.0-local","1","false","false","policy","bench-20260922-2-2-ply-4","4","local","","4","false","","0.889677000000006","","7","7","0","","","","","","","","","","true"
"bench-20260922-2-2","normal","benchmark-c4-policy-1.0.0-local","1","false","false","baseline","bench-20260922-2-2-ply-5","5","random","","1","false","","0","","","","0","","","","","","","","","","true"
"bench-20260922-2-2","normal","benchmark-c4-policy-1.0.0-local","1","false","false","policy","bench-20260922-2-2-ply-6","6","local","","3","false","","0.8079669999999624","","7","7","0","","","","","","","","","","true"
"bench-20260922-2-2","normal","benchmark-c4-policy-1.0.0-local","1","false","false","baseline","bench-20260922-2-2-ply-7","7","random","","5","false","","0","","","","0","","","","","","","","","","true"
"bench-20260922-2-2","normal","benchmark-c4-policy-1.0.0-local","1","false","false","policy","bench-20260922-2-2-ply-8","8","local","","4","false","","0.8170450000000073","","7","7","0","","","","","","","","","","true"
"bench-20260922-2-2","normal","benchmark-c4-policy-1.0.0-local","1","false","false","baseline","bench-20260922-2-2-ply-9","9","random","","2","false","","0","","","","0","","","","","","","","","","true"
"bench-20260922-2-2","normal","benchmark-c4-policy-1.0.0-local","1","false","false","policy","bench-20260922-2-2-ply-10","10","local","","4","false","","0.8288699999999949","","7","7","0","","","","","","","","","","true"
"bench-20260922-2-2","normal","benchmark-c4-policy-1.0.0-local","1","false","false","baseline","bench-20260922-2-2-ply-11","11","random","","4","false","","0","","","","0","","","","","","","","","","true"
"bench-20260922-2-2","normal","benchmark-c4-policy-1.0.0-local","1","false","false","policy","bench-20260922-2-2-ply-12","12","local","","3","false","","1.0115279999999984","","7","1","0","","","","","","","","","","true"
"bench-20260922-2-2","normal","benchmark-c4-policy-1.0.0-local","1","false","false","baseline","bench-20260922-2-2-ply-13","13","random","","6","false","","0","","","","0","","","","","","","","","","true"
"bench-20260922-2-2","normal","benchmark-c4-policy-1.0.0-local","1","false","false","policy","bench-20260922-2-2-ply-14","14","local","","2","false","","0.983413999999982","","7","7","0","","","","","","","","","","true"
"bench-20260922-2-2","normal","benchmark-c4-policy-1.0.0-local","1","false","false","baseline","bench-20260922-2-2-ply-15","15","random","","1","false","","0","","","","0","","","","","","","","","","true"
"bench-20260922-2-2","normal","benchmark-c4-policy-1.0.0-local","1","false","false","policy","bench-20260922-2-2-ply-16","16","local","","1","false","","0.8445709999999735","","7","1","0","","","","","","","","","","true"
"bench-20260922-3-1","normal","benchmark-c4-policy-1.0.0-local","2","false","false","baseline","bench-20260922-3-1-ply-4","4","random","","2","false","","0","","","","0","","","","","","","","","","true"
"bench-20260922-3-1","normal","benchmark-c4-policy-1.0.0-local","2","false","false","policy","bench-20260922-3-1-ply-5","5","local","","3","false","","0.9871929999999907","","7","7","0","","","","","","","","","","true"
"bench-20260922-3-1","normal","benchmark-c4-policy-1.0.0-local","2","false","false","baseline","bench-20260922-3-1-ply-6","6","random","","2","false","","0","","","","0","","","","","","","","","","true"
"bench-20260922-3-1","normal","benchmark-c4-policy-1.0.0-local","2","false","false","policy","bench-20260922-3-1-ply-7","7","local","","3","false","","1.2664570000000026","","7","7","0","","","","","","","","","","true"
"bench-20260922-3-1","normal","benchmark-c4-policy-1.0.0-local","2","false","false","baseline","bench-20260922-3-1-ply-8","8","random","","1","false","","0","","","","0","","","","","","","","","","true"
"bench-20260922-3-1","normal","benchmark-c4-policy-1.0.0-local","2","false","false","policy","bench-20260922-3-1-ply-9","9","local","","3","false","","0.9145279999999616","","7","1","0","","","","","","","","","","true"
"bench-20260922-3-2","normal","benchmark-c4-policy-1.0.0-local","1","false","false","policy","bench-20260922-3-2-ply-4","4","local","","2","false","","1.7289480000000026","","7","7","0","","","","","","","","","","true"
"bench-20260922-3-2","normal","benchmark-c4-policy-1.0.0-local","1","false","false","baseline","bench-20260922-3-2-ply-5","5","random","","2","false","","0","","","","0","","","","","","","","","","true"
"bench-20260922-3-2","normal","benchmark-c4-policy-1.0.0-local","1","false","false","policy","bench-20260922-3-2-ply-6","6","local","","3","false","","1.9257049999999936","","7","7","0","","","","","","","","","","true"
"bench-20260922-3-2","normal","benchmark-c4-policy-1.0.0-local","1","false","false","baseline","bench-20260922-3-2-ply-7","7","random","","2","false","","0","","","","0","","","","","","","","","","true"
"bench-20260922-3-2","normal","benchmark-c4-policy-1.0.0-local","1","false","false","policy","bench-20260922-3-2-ply-8","8","local","","3","false","","0.8562880000000064","","7","7","0","","","","","","","","","","true"
"bench-20260922-3-2","normal","benchmark-c4-policy-1.0.0-local","1","false","false","baseline","bench-20260922-3-2-ply-9","9","random","","1","false","","0","","","","0","","","","","","","","","","true"
"bench-20260922-3-2","normal","benchmark-c4-policy-1.0.0-local","1","false","false","policy","bench-20260922-3-2-ply-10","10","local","","3","false","","0.9421159999999986","","7","7","0","","","","","","","","","","true"
"bench-20260922-3-2","normal","benchmark-c4-policy-1.0.0-local","1","false","false","baseline","bench-20260922-3-2-ply-11","11","random","","3","false","","0","","","","0","","","","","","","","","","true"
"bench-20260922-3-2","normal","benchmark-c4-policy-1.0.0-local","1","false","false","policy","bench-20260922-3-2-ply-12","12","local","","2","false","","1.0742649999999685","","7","7","0","","","","","","","","","","true"
"bench-20260922-3-2","normal","benchmark-c4-policy-1.0.0-local","1","false","false","baseline","bench-20260922-3-2-ply-13","13","random","","4","false","","0","","","","0","","","","","","","","","","true"
"bench-20260922-3-2","normal","benchmark-c4-policy-1.0.0-local","1","false","false","policy","bench-20260922-3-2-ply-14","14","local","","4","false","","1.7555039999999735","","7","1","0","","","","","","","","","","true"
"bench-20260922-4-1","normal","benchmark-c4-policy-1.0.0-local","2","false","false","policy","bench-20260922-4-1-ply-5","5","local","","3","false","","0.7048240000000305","","7","7","0","","","","","","","","","","true"
"bench-20260922-4-1","normal","benchmark-c4-policy-1.0.0-local","2","false","false","baseline","bench-20260922-4-1-ply-6","6","random","","2","false","","0","","","","0","","","","","","","","","","true"
"bench-20260922-4-1","normal","benchmark-c4-policy-1.0.0-local","2","false","false","policy","bench-20260922-4-1-ply-7","7","local","","3","false","","0.8027159999999753","","7","7","0","","","","","","","","","","true"
"bench-20260922-4-1","normal","benchmark-c4-policy-1.0.0-local","2","false","false","baseline","bench-20260922-4-1-ply-8","8","random","","5","false","","0","","","","0","","","","","","","","","","true"
"bench-20260922-4-1","normal","benchmark-c4-policy-1.0.0-local","2","false","false","policy","bench-20260922-4-1-ply-9","9","local","","3","false","","0.8564090000000988","","7","7","0","","","","","","","","","","true"
"bench-20260922-4-1","normal","benchmark-c4-policy-1.0.0-local","2","false","false","baseline","bench-20260922-4-1-ply-10","10","random","","4","false","","0","","","","0","","","","","","","","","","true"
"bench-20260922-4-1","normal","benchmark-c4-policy-1.0.0-local","2","false","false","policy","bench-20260922-4-1-ply-11","11","local","","3","false","","0.9485500000000684","","7","1","0","","","","","","","","","","true"
"bench-20260922-4-2","normal","benchmark-c4-policy-1.0.0-local","1","false","false","baseline","bench-20260922-4-2-ply-5","5","random","","2","false","","0","","","","0","","","","","","","","","","true"
"bench-20260922-4-2","normal","benchmark-c4-policy-1.0.0-local","1","false","false","policy","bench-20260922-4-2-ply-6","6","local","","4","false","","1.521031999999991","","7","7","0","","","","","","","","","","true"
"bench-20260922-4-2","normal","benchmark-c4-policy-1.0.0-local","1","false","false","baseline","bench-20260922-4-2-ply-7","7","random","","5","false","","0","","","","0","","","","","","","","","","true"
"bench-20260922-4-2","normal","benchmark-c4-policy-1.0.0-local","1","false","false","policy","bench-20260922-4-2-ply-8","8","local","","5","false","","0.9570170000000644","","7","7","0","","","","","","","","","","true"
"bench-20260922-4-2","normal","benchmark-c4-policy-1.0.0-local","1","false","false","baseline","bench-20260922-4-2-ply-9","9","random","","4","false","","0","","","","0","","","","","","","","","","true"
"bench-20260922-4-2","normal","benchmark-c4-policy-1.0.0-local","1","false","false","policy","bench-20260922-4-2-ply-10","10","local","","2","false","","0.670586999999955","","7","2","0","","","","","","","","","","true"
"bench-20260922-5-1","normal","benchmark-c4-policy-1.0.0-local","2","false","false","policy","bench-20260922-5-1-ply-1","1","local","","3","false","","0.6938270000000557","","7","7","0","","","","","","","","","","true"
"bench-20260922-5-1","normal","benchmark-c4-policy-1.0.0-local","2","false","false","baseline","bench-20260922-5-1-ply-2","2","random","","2","false","","0","","","","0","","","","","","","","","","true"
"bench-20260922-5-1","normal","benchmark-c4-policy-1.0.0-local","2","false","false","policy","bench-20260922-5-1-ply-3","3","local","","3","false","","0.6917060000000674","","7","7","0","","","","","","","","","","true"
"bench-20260922-5-1","normal","benchmark-c4-policy-1.0.0-local","2","false","false","baseline","bench-20260922-5-1-ply-4","4","random","","0","false","","0","","","","0","","","","","","","","","","true"
"bench-20260922-5-1","normal","benchmark-c4-policy-1.0.0-local","2","false","false","policy","bench-20260922-5-1-ply-5","5","local","","3","false","","0.8955899999999701","","7","7","0","","","","","","","","","","true"
"bench-20260922-5-1","normal","benchmark-c4-policy-1.0.0-local","2","false","false","baseline","bench-20260922-5-1-ply-6","6","random","","1","false","","0","","","","0","","","","","","","","","","true"
"bench-20260922-5-1","normal","benchmark-c4-policy-1.0.0-local","2","false","false","policy","bench-20260922-5-1-ply-7","7","local","","3","false","","0.8175180000000637","","7","1","0","","","","","","","","","","true"
"bench-20260922-5-2","normal","benchmark-c4-policy-1.0.0-local","1","false","false","baseline","bench-20260922-5-2-ply-1","1","random","","2","false","","0","","","","0","","","","","","","","","","true"
"bench-20260922-5-2","normal","benchmark-c4-policy-1.0.0-local","1","false","false","policy","bench-20260922-5-2-ply-2","2","local","","3","false","","1.1736049999999523","","7","7","0","","","","","","","","","","true"
"bench-20260922-5-2","normal","benchmark-c4-policy-1.0.0-local","1","false","false","baseline","bench-20260922-5-2-ply-3","3","random","","0","false","","0","","","","0","","","","","","","","","","true"
"bench-20260922-5-2","normal","benchmark-c4-policy-1.0.0-local","1","false","false","policy","bench-20260922-5-2-ply-4","4","local","","3","false","","0.7076299999999947","","7","7","0","","","","","","","","","","true"
"bench-20260922-5-2","normal","benchmark-c4-policy-1.0.0-local","1","false","false","baseline","bench-20260922-5-2-ply-5","5","random","","1","false","","0","","","","0","","","","","","","","","","true"
"bench-20260922-5-2","normal","benchmark-c4-policy-1.0.0-local","1","false","false","policy","bench-20260922-5-2-ply-6","6","local","","3","false","","0.7730060000000094","","7","7","0","","","","","","","","","","true"
"bench-20260922-5-2","normal","benchmark-c4-policy-1.0.0-local","1","false","false","baseline","bench-20260922-5-2-ply-7","7","random","","1","false","","0","","","","0","","","","","","","","","","true"
"bench-20260922-5-2","normal","benchmark-c4-policy-1.0.0-local","1","false","false","policy","bench-20260922-5-2-ply-8","8","local","","3","false","","0.7587389999999914","","7","1","0","","","","","","","","","","true"
"bench-20260922-6-1","normal","benchmark-c4-policy-1.0.0-local","2","false","false","baseline","bench-20260922-6-1-ply-2","2","random","","2","false","","0","","","","0","","","","","","","","","","true"
"bench-20260922-6-1","normal","benchmark-c4-policy-1.0.0-local","2","false","false","policy","bench-20260922-6-1-ply-3","3","local","","3","false","","0.7844639999999572","","7","7","0","","","","","","","","","","true"
"bench-20260922-6-1","normal","benchmark-c4-policy-1.0.0-local","2","false","false","baseline","bench-20260922-6-1-ply-4","4","random","","4","false","","0","","","","0","","","","","","","","","","true"
"bench-20260922-6-1","normal","benchmark-c4-policy-1.0.0-local","2","false","false","policy","bench-20260922-6-1-ply-5","5","local","","3","false","","0.9955639999999448","","7","7","0","","","","","","","","","","true"
"bench-20260922-6-1","normal","benchmark-c4-policy-1.0.0-local","2","false","false","baseline","bench-20260922-6-1-ply-6","6","random","","3","false","","0","","","","0","","","","","","","","","","true"
"bench-20260922-6-1","normal","benchmark-c4-policy-1.0.0-local","2","false","false","policy","bench-20260922-6-1-ply-7","7","local","","2","false","","0.822763000000009","","7","7","0","","","","","","","","","","true"
"bench-20260922-6-1","normal","benchmark-c4-policy-1.0.0-local","2","false","false","baseline","bench-20260922-6-1-ply-8","8","random","","5","false","","0","","","","0","","","","","","","","","","true"
"bench-20260922-6-1","normal","benchmark-c4-policy-1.0.0-local","2","false","false","policy","bench-20260922-6-1-ply-9","9","local","","4","false","","1.0269869999999628","","7","7","0","","","","","","","","","","true"
"bench-20260922-6-1","normal","benchmark-c4-policy-1.0.0-local","2","false","false","baseline","bench-20260922-6-1-ply-10","10","random","","0","false","","0","","","","0","","","","","","","","","","true"
"bench-20260922-6-1","normal","benchmark-c4-policy-1.0.0-local","2","false","false","policy","bench-20260922-6-1-ply-11","11","local","","5","false","","1.1216590000000224","","7","1","0","","","","","","","","","","true"
"bench-20260922-6-2","normal","benchmark-c4-policy-1.0.0-local","1","false","false","policy","bench-20260922-6-2-ply-2","2","local","","3","false","","0.76878099999999","","7","7","0","","","","","","","","","","true"
"bench-20260922-6-2","normal","benchmark-c4-policy-1.0.0-local","1","false","false","baseline","bench-20260922-6-2-ply-3","3","random","","2","false","","0","","","","0","","","","","","","","","","true"
"bench-20260922-6-2","normal","benchmark-c4-policy-1.0.0-local","1","false","false","policy","bench-20260922-6-2-ply-4","4","local","","4","false","","0.7938840000000482","","7","7","0","","","","","","","","","","true"
"bench-20260922-6-2","normal","benchmark-c4-policy-1.0.0-local","1","false","false","baseline","bench-20260922-6-2-ply-5","5","random","","4","false","","0","","","","0","","","","","","","","","","true"
"bench-20260922-6-2","normal","benchmark-c4-policy-1.0.0-local","1","false","false","policy","bench-20260922-6-2-ply-6","6","local","","3","false","","1.4063879999999926","","7","7","0","","","","","","","","","","true"
"bench-20260922-6-2","normal","benchmark-c4-policy-1.0.0-local","1","false","false","baseline","bench-20260922-6-2-ply-7","7","random","","3","false","","0","","","","0","","","","","","","","","","true"
"bench-20260922-6-2","normal","benchmark-c4-policy-1.0.0-local","1","false","false","policy","bench-20260922-6-2-ply-8","8","local","","4","false","","0.7255969999999934","","7","7","0","","","","","","","","","","true"
"bench-20260922-6-2","normal","benchmark-c4-policy-1.0.0-local","1","false","false","baseline","bench-20260922-6-2-ply-9","9","random","","5","false","","0","","","","0","","","","","","","","","","true"
"bench-20260922-6-2","normal","benchmark-c4-policy-1.0.0-local","1","false","false","policy","bench-20260922-6-2-ply-10","10","local","","4","false","","1.1035460000000512","","7","7","0","","","","","","","","","","true"
"bench-20260922-6-2","normal","benchmark-c4-policy-1.0.0-local","1","false","false","baseline","bench-20260922-6-2-ply-11","11","random","","0","false","","0","","","","0","","","","","","","","","","true"
"bench-20260922-6-2","normal","benchmark-c4-policy-1.0.0-local","1","false","false","policy","bench-20260922-6-2-ply-12","12","local","","1","false","","0.8092200000000958","","7","1","0","","","","","","","","","","true"
"bench-20260922-6-2","normal","benchmark-c4-policy-1.0.0-local","1","false","false","baseline","bench-20260922-6-2-ply-13","13","random","","0","false","","0","","","","0","","","","","","","","","","true"
"bench-20260922-6-2","normal","benchmark-c4-policy-1.0.0-local","1","false","false","policy","bench-20260922-6-2-ply-14","14","local","","2","false","","1.0006119999999328","","7","1","0","","","","","","","","","","true"
"bench-20260922-7-1","normal","benchmark-c4-policy-1.0.0-local","2","false","false","policy","bench-20260922-7-1-ply-3","3","local","","3","false","","0.902176000000054","","7","7","0","","","","","","","","","","true"
"bench-20260922-7-1","normal","benchmark-c4-policy-1.0.0-local","2","false","false","baseline","bench-20260922-7-1-ply-4","4","random","","2","false","","0","","","","0","","","","","","","","","","true"
"bench-20260922-7-1","normal","benchmark-c4-policy-1.0.0-local","2","false","false","policy","bench-20260922-7-1-ply-5","5","local","","3","false","","0.8377880000000459","","7","7","0","","","","","","","","","","true"
"bench-20260922-7-1","normal","benchmark-c4-policy-1.0.0-local","2","false","false","baseline","bench-20260922-7-1-ply-6","6","random","","6","false","","0","","","","0","","","","","","","","","","true"
"bench-20260922-7-1","normal","benchmark-c4-policy-1.0.0-local","2","false","false","policy","bench-20260922-7-1-ply-7","7","local","","3","false","","0.7188350000000128","","7","7","0","","","","","","","","","","true"
"bench-20260922-7-1","normal","benchmark-c4-policy-1.0.0-local","2","false","false","baseline","bench-20260922-7-1-ply-8","8","random","","6","false","","0","","","","0","","","","","","","","","","true"
"bench-20260922-7-1","normal","benchmark-c4-policy-1.0.0-local","2","false","false","policy","bench-20260922-7-1-ply-9","9","local","","3","false","","0.7165519999999788","","7","1","0","","","","","","","","","","true"
"bench-20260922-7-2","normal","benchmark-c4-policy-1.0.0-local","1","false","false","baseline","bench-20260922-7-2-ply-3","3","random","","2","false","","0","","","","0","","","","","","","","","","true"
"bench-20260922-7-2","normal","benchmark-c4-policy-1.0.0-local","1","false","false","policy","bench-20260922-7-2-ply-4","4","local","","3","false","","0.6770749999999452","","7","7","0","","","","","","","","","","true"
"bench-20260922-7-2","normal","benchmark-c4-policy-1.0.0-local","1","false","false","baseline","bench-20260922-7-2-ply-5","5","random","","6","false","","0","","","","0","","","","","","","","","","true"
"bench-20260922-7-2","normal","benchmark-c4-policy-1.0.0-local","1","false","false","policy","bench-20260922-7-2-ply-6","6","local","","3","false","","0.8148869999999988","","7","7","0","","","","","","","","","","true"
"bench-20260922-7-2","normal","benchmark-c4-policy-1.0.0-local","1","false","false","baseline","bench-20260922-7-2-ply-7","7","random","","6","false","","0","","","","0","","","","","","","","","","true"
"bench-20260922-7-2","normal","benchmark-c4-policy-1.0.0-local","1","false","false","policy","bench-20260922-7-2-ply-8","8","local","","6","false","","0.9096769999999879","","7","1","0","","","","","","","","","","true"
"bench-20260922-7-2","normal","benchmark-c4-policy-1.0.0-local","1","false","false","baseline","bench-20260922-7-2-ply-9","9","random","","2","false","","0","","","","0","","","","","","","","","","true"
"bench-20260922-7-2","normal","benchmark-c4-policy-1.0.0-local","1","false","false","policy","bench-20260922-7-2-ply-10","10","local","","3","false","","0.974903999999924","","7","7","0","","","","","","","","","","true"
"bench-20260922-7-2","normal","benchmark-c4-policy-1.0.0-local","1","false","false","baseline","bench-20260922-7-2-ply-11","11","random","","5","false","","0","","","","0","","","","","","","","","","true"
"bench-20260922-7-2","normal","benchmark-c4-policy-1.0.0-local","1","false","false","policy","bench-20260922-7-2-ply-12","12","local","","3","false","","0.8170159999999669","","7","1","0","","","","","","","","","","true"
"bench-20260922-8-1","normal","benchmark-c4-policy-1.0.0-local","2","false","false","baseline","bench-20260922-8-1-ply-4","4","random","","2","false","","0","","","","0","","","","","","","","","","true"
"bench-20260922-8-1","normal","benchmark-c4-policy-1.0.0-local","2","false","false","policy","bench-20260922-8-1-ply-5","5","local","","3","false","","0.8800749999999198","","7","7","0","","","","","","","","","","true"
"bench-20260922-8-1","normal","benchmark-c4-policy-1.0.0-local","2","false","false","baseline","bench-20260922-8-1-ply-6","6","random","","3","false","","0","","","","0","","","","","","","","","","true"
"bench-20260922-8-1","normal","benchmark-c4-policy-1.0.0-local","2","false","false","policy","bench-20260922-8-1-ply-7","7","local","","6","false","","0.7755339999999933","","7","1","0","","","","","","","","","","true"
"bench-20260922-8-2","normal","benchmark-c4-policy-1.0.0-local","1","false","false","policy","bench-20260922-8-2-ply-4","4","local","","3","false","","0.6548409999999194","","7","7","0","","","","","","","","","","true"
"bench-20260922-8-2","normal","benchmark-c4-policy-1.0.0-local","1","false","false","baseline","bench-20260922-8-2-ply-5","5","random","","2","false","","0","","","","0","","","","","","","","","","true"
"bench-20260922-8-2","normal","benchmark-c4-policy-1.0.0-local","1","false","false","policy","bench-20260922-8-2-ply-6","6","local","","3","false","","0.9927059999999983","","7","7","0","","","","","","","","","","true"
"bench-20260922-8-2","normal","benchmark-c4-policy-1.0.0-local","1","false","false","baseline","bench-20260922-8-2-ply-7","7","random","","3","false","","0","","","","0","","","","","","","","","","true"
"bench-20260922-8-2","normal","benchmark-c4-policy-1.0.0-local","1","false","false","policy","bench-20260922-8-2-ply-8","8","local","","4","false","","0.897611999999981","","7","7","0","","","","","","","","","","true"
"bench-20260922-8-2","normal","benchmark-c4-policy-1.0.0-local","1","false","false","baseline","bench-20260922-8-2-ply-9","9","random","","6","false","","0","","","","0","","","","","","","","","","true"
"bench-20260922-8-2","normal","benchmark-c4-policy-1.0.0-local","1","false","false","policy","bench-20260922-8-2-ply-10","10","local","","2","false","","0.7016640000000507","","7","2","0","","","","","","","","","","true"
"bench-20260922-9-1","normal","benchmark-c4-policy-1.0.0-local","2","false","false","policy","bench-20260922-9-1-ply-5","5","local","","2","false","","0.7673750000000155","","7","7","0","","","","","","","","","","true"
"bench-20260922-9-1","normal","benchmark-c4-policy-1.0.0-local","2","false","false","baseline","bench-20260922-9-1-ply-6","6","random","","2","false","","0","","","","0","","","","","","","","","","true"
"bench-20260922-9-1","normal","benchmark-c4-policy-1.0.0-local","2","false","false","policy","bench-20260922-9-1-ply-7","7","local","","4","false","","0.7857260000000679","","7","2","0","","","","","","","","","","true"
"bench-20260922-9-2","normal","benchmark-c4-policy-1.0.0-local","1","false","false","baseline","bench-20260922-9-2-ply-5","5","random","","2","false","","0","","","","0","","","","","","","","","","true"
"bench-20260922-9-2","normal","benchmark-c4-policy-1.0.0-local","1","false","false","policy","bench-20260922-9-2-ply-6","6","local","","4","false","","0.8551489999999831","","7","7","0","","","","","","","","","","true"
"bench-20260922-9-2","normal","benchmark-c4-policy-1.0.0-local","1","false","false","baseline","bench-20260922-9-2-ply-7","7","random","","5","false","","0","","","","0","","","","","","","","","","true"
"bench-20260922-9-2","normal","benchmark-c4-policy-1.0.0-local","1","false","false","policy","bench-20260922-9-2-ply-8","8","local","","0","false","","1.336086000000023","","7","1","0","","","","","","","","","","true"
"bench-20260922-9-2","normal","benchmark-c4-policy-1.0.0-local","1","false","false","baseline","bench-20260922-9-2-ply-9","9","random","","3","false","","0","","","","0","","","","","","","","","","true"
"bench-20260922-9-2","normal","benchmark-c4-policy-1.0.0-local","1","false","false","policy","bench-20260922-9-2-ply-10","10","local","","3","false","","0.8041259999999966","","7","7","0","","","","","","","","","","true"
"bench-20260922-9-2","normal","benchmark-c4-policy-1.0.0-local","1","false","false","baseline","bench-20260922-9-2-ply-11","11","random","","0","false","","0","","","","0","","","","","","","","","","true"
"bench-20260922-9-2","normal","benchmark-c4-policy-1.0.0-local","1","false","false","policy","bench-20260922-9-2-ply-12","12","local","","3","false","","1.0058589999999867","","7","7","0","","","","","","","","","","true"
"bench-20260922-9-2","normal","benchmark-c4-policy-1.0.0-local","1","false","false","baseline","bench-20260922-9-2-ply-13","13","random","","6","false","","0","","","","0","","","","","","","","","","true"
"bench-20260922-9-2","normal","benchmark-c4-policy-1.0.0-local","1","false","false","policy","bench-20260922-9-2-ply-14","14","local","","3","false","","0.9652180000000499","","7","7","0","","","","","","","","","","true"
"bench-20260922-9-2","normal","benchmark-c4-policy-1.0.0-local","1","false","false","baseline","bench-20260922-9-2-ply-15","15","random","","4","false","","0","","","","0","","","","","","","","","","true"
"bench-20260922-9-2","normal","benchmark-c4-policy-1.0.0-local","1","false","false","policy","bench-20260922-9-2-ply-16","16","local","","3","false","","0.817497000000003","","7","1","0","","","","","","","","","","true"