"matchId","difficulty","opponentVersion","humanDisc","ranked","eligible","status","result","adjudication","startedAt","finishedAt","plies","durationMs","diagnosticEvidence"
"bench-20260922-0-1","normal","benchmark-c4-policy-1.0.0-local","2","false","false","completed","loss","","1790054833723","1790054833819","7","96","retained"
"bench-20260922-0-2","normal","benchmark-c4-policy-1.0.0-local","1","false","false","completed","loss","","1790054833822","1790054833867","12","45","retained"
"bench-20260922-1-1","normal","benchmark-c4-policy-1.0.0-local","2","false","false","completed","loss","","1790054833869","1790054833908","9","39","retained"
"bench-20260922-1-2","normal","benchmark-c4-policy-1.0.0-local","1","false","false","completed","loss","","1790054833908","1790054833926","8","18","retained"
"bench-20260922-2-1","normal","benchmark-c4-policy-1.0.0-local","2","false","false","completed","loss","","1790054833927","1790054833942","7","15","retained"
"bench-20260922-2-2","normal","benchmark-c4-policy-1.0.0-local","1","false","false","completed","loss","","1790054833942","1790054833969","16","27","retained"
"bench-20260922-3-1","normal","benchmark-c4-policy-1.0.0-local","2","false","false","completed","loss","","1790054833969","1790054833989","9","20","retained"
"bench-20260922-3-2","normal","benchmark-c4-policy-1.0.0-local","1","false","false","completed","loss","","1790054833989","1790054834022","14","33","retained"
"bench-20260922-4-1","normal","benchmark-c4-policy-1.0.0-local","2","false","false","completed","loss","","1790054834022","1790054834036","11","14","retained"
"bench-20260922-4-2","normal","benchmark-c4-policy-1.0.0-local","1","false","false","completed","loss","","1790054834037","1790054834053","10","16","retained"
"bench-20260922-5-1","normal","benchmark-c4-policy-1.0.0-local","2","false","false","completed","loss","","1790054834054","1790054834065","7","11","retained"
"bench-20260922-5-2","normal","benchmark-c4-policy-1.0.0-local","1","false","false","completed","loss","","1790054834065","1790054834078","8","13","retained"
"bench-20260922-6-1","normal","benchmark-c4-policy-1.0.0-local","2","false","false","completed","loss","","1790054834078","1790054834101","11","23","retained"
"bench-20260922-6-2","normal","benchmark-c4-policy-1.0.0-local","1","false","false","completed","loss","","1790054834101","1790054834125","14","24","retained"
"bench-20260922-7-1","normal","benchmark-c4-policy-1.0.0-local","2","false","false","completed","loss","","1790054834125","1790054834138","9","13","retained"
"bench-20260922-7-2","normal","benchmark-c4-policy-1.0.0-local","1","false","false","completed","loss","","1790054834138","1790054834156","12","18","retained"
"bench-20260922-8-1","normal","benchmark-c4-policy-1.0.0-local","2","false","false","completed","loss","","1790054834156","1790054834165","7","9","retained"
"bench-20260922-8-2","normal","benchmark-c4-policy-1.0.0-local","1","false","false","completed","loss","","1790054834165","1790054834179","10","14","retained"
"bench-20260922-9-1","normal","benchmark-c4-policy-1.0.0-local","2","false","false","completed","loss","","1790054834179","1790054834187","7","8","retained"
"bench-20260922-9-2","normal","benchmark-c4-policy-1.0.0-local","1","false","false","completed","loss","","1790054834187","1790054834216","16","29","retained"