"matchId","pair","policyDisc","opening","seed","policy","opponent","difficulty","noSafeguards","result","plies","errorCode"
"bench-20260922-0-1","0","1","[]","20260922","local","random","normal","false","win","7",""
"bench-20260922-0-2","0","2","[]","20260922","local","random","normal","false","win","12",""
"bench-20260922-1-1","1","1","[5]","20260922","local","random","normal","false","win","9",""
"bench-20260922-1-2","1","2","[5]","20260922","local","random","normal","false","win","8",""
"bench-20260922-2-1","2","1","[3,0]","20260922","local","random","normal","false","win","7",""
"bench-20260922-2-2","2","2","[3,0]","20260922","local","random","normal","false","win","16",""
"bench-20260922-3-1","3","1","[1,5,3]","20260922","local","random","normal","false","win","9",""
"bench-20260922-3-2","3","2","[1,5,3]","20260922","local","random","normal","false","win","14",""
"bench-20260922-4-1","4","1","[3,4,6,3]","20260922","local","random","normal","false","win","11",""
"bench-20260922-4-2","4","2","[3,4,6,3]","20260922","local","random","normal","false","win","10",""
"bench-20260922-5-1","5","1","[]","20260922","local","random","normal","false","win","7",""
"bench-20260922-5-2","5","2","[]","20260922","local","random","normal","false","win","8",""
"bench-20260922-6-1","6","1","[3]","20260922","local","random","normal","false","win","11",""
"bench-20260922-6-2","6","2","[3]","20260922","local","random","normal","false","win","14",""
"bench-20260922-7-1","7","1","[6,5]","20260922","local","random","normal","false","win","9",""
"bench-20260922-7-2","7","2","[6,5]","20260922","local","random","normal","false","win","12",""
"bench-20260922-8-1","8","1","[5,5,4]","20260922","local","random","normal","false","win","7",""
"bench-20260922-8-2","8","2","[5,5,4]","20260922","local","random","normal","false","win","10",""
"bench-20260922-9-1","9","1","[3,6,1,1]","20260922","local","random","normal","false","win","7",""
"bench-20260922-9-2","9","2","[3,6,1,1]","20260922","local","random","normal","false","win","16",""