"matchId","difficulty","opponentVersion","humanDisc","ranked","eligible","decisionActor","decisionId","ply","candidateId","column","landingRow","exclusionReason","selected","lowerBound","upperBound","nodes","leaves","cutoffs","maxDepth","budgetExhausted","humanWinningReplies","playableThreats","unsupportedThreats","utility"
"e7b11062-876c-41c8-869a-199a348b899b","normal","b94776fe43f86698bf37","1","false","true","jev","008caae0-cb26-4551-b9a6-61d5c5c34ddf","2","c3","3","1","","true","-1","1","8","7","0","1","false","0","0","0","1"
"e7b11062-876c-41c8-869a-199a348b899b","normal","b94776fe43f86698bf37","1","false","true","jev","008caae0-cb26-4551-b9a6-61d5c5c34ddf","2","c2","2","0","","false","-1","1","8","7","0","1","false","0","0","0","0.5"
"e7b11062-876c-41c8-869a-199a348b899b","normal","b94776fe43f86698bf37","1","false","true","jev","008caae0-cb26-4551-b9a6-61d5c5c34ddf","2","c4","4","0","","false","-1","1","8","7","0","1","false","0","0","0","0.5"
"e7b11062-876c-41c8-869a-199a348b899b","normal","b94776fe43f86698bf37","1","false","true","jev","008caae0-cb26-4551-b9a6-61d5c5c34ddf","2","c1","1","0","","false","-1","1","8","7","0","1","false","0","0","0","0.5"
"e7b11062-876c-41c8-869a-199a348b899b","normal","b94776fe43f86698bf37","1","false","true","jev","008caae0-cb26-4551-b9a6-61d5c5c34ddf","2","c5","5","0","","false","-1","1","8","7","0","1","false","0","0","0","0.5"
"e7b11062-876c-41c8-869a-199a348b899b","normal","b94776fe43f86698bf37","1","false","true","jev","008caae0-cb26-4551-b9a6-61d5c5c34ddf","2","c0","0","0","","false","-1","1","8","7","0","1","false","0","0","0","0.5"
"e7b11062-876c-41c8-869a-199a348b899b","normal","b94776fe43f86698bf37","1","false","true","jev","008caae0-cb26-4551-b9a6-61d5c5c34ddf","2","c6","6","0","","false","-1","1","8","7","0","1","false","0","0","0","0.5"
"e7b11062-876c-41c8-869a-199a348b899b","normal","b94776fe43f86698bf37","1","false","true","jev","c6528ffa-9785-4f13-bbbf-cb93b63d5a16","4","c3","3","3","","true","-1","1","8","7","0","1","false","0","0","0","1"
"e7b11062-876c-41c8-869a-199a348b899b","normal","b94776fe43f86698bf37","1","false","true","jev","c6528ffa-9785-4f13-bbbf-cb93b63d5a16","4","c2","2","0","","false","-1","1","8","7","0","1","false","0","0","0","0.5"
"e7b11062-876c-41c8-869a-199a348b899b","normal","b94776fe43f86698bf37","1","false","true","jev","c6528ffa-9785-4f13-bbbf-cb93b63d5a16","4","c4","4","0","","false","-1","1","8","7","0","1","false","0","0","0","0.5"
"e7b11062-876c-41c8-869a-199a348b899b","normal","b94776fe43f86698bf37","1","false","true","jev","c6528ffa-9785-4f13-bbbf-cb93b63d5a16","4","c1","1","0","","false","-1","1","8","7","0","1","false","0","0","0","0.5"
"e7b11062-876c-41c8-869a-199a348b899b","normal","b94776fe43f86698bf37","1","false","true","jev","c6528ffa-9785-4f13-bbbf-cb93b63d5a16","4","c5","5","0","","false","-1","1","8","7","0","1","false","0","0","0","0.5"
"e7b11062-876c-41c8-869a-199a348b899b","normal","b94776fe43f86698bf37","1","false","true","jev","c6528ffa-9785-4f13-bbbf-cb93b63d5a16","4","c0","0","0","","false","-1","1","8","7","0","1","false","0","0","0","0.5"
"e7b11062-876c-41c8-869a-199a348b899b","normal","b94776fe43f86698bf37","1","false","true","jev","c6528ffa-9785-4f13-bbbf-cb93b63d5a16","4","c6","6","0","","false","-1","1","8","7","0","1","false","0","0","0","0.5"
"e7b11062-876c-41c8-869a-199a348b899b","normal","b94776fe43f86698bf37","1","false","true","jev","04b6d2e7-b59a-4e85-9bcb-1efb2b613791","6","c3","3","5","","true","-1","1","7","6","0","1","false","0","0","0","1"
"e7b11062-876c-41c8-869a-199a348b899b","normal","b94776fe43f86698bf37","1","false","true","jev","04b6d2e7-b59a-4e85-9bcb-1efb2b613791","6","c2","2","0","","false","-1","1","8","7","0","1","false","0","0","0","0.5"
"e7b11062-876c-41c8-869a-199a348b899b","normal","b94776fe43f86698bf37","1","false","true","jev","04b6d2e7-b59a-4e85-9bcb-1efb2b613791","6","c4","4","0","","false","-1","1","8","7","0","1","false","0","0","0","0.5"
"e7b11062-876c-41c8-869a-199a348b899b","normal","b94776fe43f86698bf37","1","false","true","jev","04b6d2e7-b59a-4e85-9bcb-1efb2b613791","6","c1","1","0","","false","-1","1","8","7","0","1","false","0","0","0","0.5"
"e7b11062-876c-41c8-869a-199a348b899b","normal","b94776fe43f86698bf37","1","false","true","jev","04b6d2e7-b59a-4e85-9bcb-1efb2b613791","6","c5","5","0","","false","-1","1","8","7","0","1","false","0","0","0","0.5"
"e7b11062-876c-41c8-869a-199a348b899b","normal","b94776fe43f86698bf37","1","false","true","jev","04b6d2e7-b59a-4e85-9bcb-1efb2b613791","6","c0","0","0","","false","-1","1","8","7","0","1","false","0","0","0","0.5"
"e7b11062-876c-41c8-869a-199a348b899b","normal","b94776fe43f86698bf37","1","false","true","jev","04b6d2e7-b59a-4e85-9bcb-1efb2b613791","6","c6","6","0","","false","-1","1","8","7","0","1","false","0","0","0","0.5"
"e7b11062-876c-41c8-869a-199a348b899b","normal","b94776fe43f86698bf37","1","false","true","jev","71e668cd-b5f7-4b3e-bd36-2721bb712d1d","8","c2","2","1","","true","-1","1","7","6","0","1","false","0","0","0","0.5"
"e7b11062-876c-41c8-869a-199a348b899b","normal","b94776fe43f86698bf37","1","false","true","jev","71e668cd-b5f7-4b3e-bd36-2721bb712d1d","8","c4","4","0","","false","-1","1","7","6","0","1","false","0","0","0","0.5"
"e7b11062-876c-41c8-869a-199a348b899b","normal","b94776fe43f86698bf37","1","false","true","jev","71e668cd-b5f7-4b3e-bd36-2721bb712d1d","8","c1","1","0","","false","-1","1","7","6","0","1","false","0","0","0","0.5"
"e7b11062-876c-41c8-869a-199a348b899b","normal","b94776fe43f86698bf37","1","false","true","jev","71e668cd-b5f7-4b3e-bd36-2721bb712d1d","8","c5","5","0","","false","-1","1","7","6","0","1","false","0","0","0","0.5"
"e7b11062-876c-41c8-869a-199a348b899b","normal","b94776fe43f86698bf37","1","false","true","jev","71e668cd-b5f7-4b3e-bd36-2721bb712d1d","8","c0","0","0","","false","-1","1","7","6","0","1","false","0","0","0","0.5"
"e7b11062-876c-41c8-869a-199a348b899b","normal","b94776fe43f86698bf37","1","false","true","jev","71e668cd-b5f7-4b3e-bd36-2721bb712d1d","8","c6","6","0","","false","-1","1","7","6","0","1","false","0","0","0","0.5"
"e7b11062-876c-41c8-869a-199a348b899b","normal","b94776fe43f86698bf37","1","false","true","jev","2e653b38-02d8-4fa7-a58a-b2d547c7e856","10","c2","2","3","","true","-1","1","7","6","0","1","false","0","0","0","0.5"
"e7b11062-876c-41c8-869a-199a348b899b","normal","b94776fe43f86698bf37","1","false","true","jev","2e653b38-02d8-4fa7-a58a-b2d547c7e856","10","c4","4","0","","false","-1","1","7","6","0","1","false","0","0","0","0.5"
"e7b11062-876c-41c8-869a-199a348b899b","normal","b94776fe43f86698bf37","1","false","true","jev","2e653b38-02d8-4fa7-a58a-b2d547c7e856","10","c1","1","0","","false","-1","1","7","6","0","1","false","0","0","0","0.5"
"e7b11062-876c-41c8-869a-199a348b899b","normal","b94776fe43f86698bf37","1","false","true","jev","2e653b38-02d8-4fa7-a58a-b2d547c7e856","10","c5","5","0","","false","-1","1","7","6","0","1","false","0","0","0","0.5"
"e7b11062-876c-41c8-869a-199a348b899b","normal","b94776fe43f86698bf37","1","false","true","jev","2e653b38-02d8-4fa7-a58a-b2d547c7e856","10","c0","0","0","","false","-1","1","7","6","0","1","false","0","0","0","0.5"
"e7b11062-876c-41c8-869a-199a348b899b","normal","b94776fe43f86698bf37","1","false","true","jev","2e653b38-02d8-4fa7-a58a-b2d547c7e856","10","c6","6","0","","false","-1","1","7","6","0","1","false","0","0","0","0.5"
"e7b11062-876c-41c8-869a-199a348b899b","normal","b94776fe43f86698bf37","1","false","true","jev","3881d876-57e4-4bcb-ba7e-37aaec39a79e","12","c2","2","5","","true","-1","1","6","5","0","1","false","0","0","0","0.5"
"e7b11062-876c-41c8-869a-199a348b899b","normal","b94776fe43f86698bf37","1","false","true","jev","3881d876-57e4-4bcb-ba7e-37aaec39a79e","12","c4","4","0","","false","-1","1","7","6","0","1","false","0","0","0","0.5"
"e7b11062-876c-41c8-869a-199a348b899b","normal","b94776fe43f86698bf37","1","false","true","jev","3881d876-57e4-4bcb-ba7e-37aaec39a79e","12","c1","1","0","","false","-1","1","7","6","0","1","false","0","0","0","0.5"
"e7b11062-876c-41c8-869a-199a348b899b","normal","b94776fe43f86698bf37","1","false","true","jev","3881d876-57e4-4bcb-ba7e-37aaec39a79e","12","c5","5","0","","false","-1","1","7","6","0","1","false","0","0","0","0.5"
"e7b11062-876c-41c8-869a-199a348b899b","normal","b94776fe43f86698bf37","1","false","true","jev","3881d876-57e4-4bcb-ba7e-37aaec39a79e","12","c0","0","0","","false","-1","1","7","6","0","1","false","0","0","0","0.5"
"e7b11062-876c-41c8-869a-199a348b899b","normal","b94776fe43f86698bf37","1","false","true","jev","3881d876-57e4-4bcb-ba7e-37aaec39a79e","12","c6","6","0","","false","-1","1","7","6","0","1","false","0","0","0","0.5"
"e7b11062-876c-41c8-869a-199a348b899b","normal","b94776fe43f86698bf37","1","false","true","jev","6f26a92b-e0c0-490b-9851-51af2c6bb79a","14","c4","4","1","","true","-1","-1","3","2","1","1","false","2","0","2","0.5"
"e7b11062-876c-41c8-869a-199a348b899b","normal","b94776fe43f86698bf37","1","false","true","jev","6f26a92b-e0c0-490b-9851-51af2c6bb79a","14","c1","1","0","","false","-1","-1","4","3","1","1","false","1","0","0","0.5"
"e7b11062-876c-41c8-869a-199a348b899b","normal","b94776fe43f86698bf37","1","false","true","jev","6f26a92b-e0c0-490b-9851-51af2c6bb79a","14","c5","5","0","","false","-1","-1","3","2","1","1","false","1","0","0","0.5"
"e7b11062-876c-41c8-869a-199a348b899b","normal","b94776fe43f86698bf37","1","false","true","jev","6f26a92b-e0c0-490b-9851-51af2c6bb79a","14","c0","0","0","","false","-1","-1","3","2","1","1","false","2","0","0","0.5"
"e7b11062-876c-41c8-869a-199a348b899b","normal","b94776fe43f86698bf37","1","false","true","jev","6f26a92b-e0c0-490b-9851-51af2c6bb79a","14","c6","6","0","","false","-1","-1","3","2","1","1","false","2","0","0","0.5"
"e7b11062-876c-41c8-869a-199a348b899b","normal","b94776fe43f86698bf37","1","false","true","jev","72a1d135-ef13-456e-935f-a95bc7e7e743","16","c4","4","3","","true","-1","-1","3","2","1","1","false","2","0","4","0.5"
"e7b11062-876c-41c8-869a-199a348b899b","normal","b94776fe43f86698bf37","1","false","true","jev","72a1d135-ef13-456e-935f-a95bc7e7e743","16","c1","1","0","","false","-1","-1","4","3","1","1","false","1","1","1","0.5"
"e7b11062-876c-41c8-869a-199a348b899b","normal","b94776fe43f86698bf37","1","false","true","jev","72a1d135-ef13-456e-935f-a95bc7e7e743","16","c5","5","0","","false","-1","-1","3","2","1","1","false","1","1","1","0.5"
"e7b11062-876c-41c8-869a-199a348b899b","normal","b94776fe43f86698bf37","1","false","true","jev","72a1d135-ef13-456e-935f-a95bc7e7e743","16","c0","0","0","","false","-1","-1","3","2","1","1","false","2","0","2","0.5"
"e7b11062-876c-41c8-869a-199a348b899b","normal","b94776fe43f86698bf37","1","false","true","jev","72a1d135-ef13-456e-935f-a95bc7e7e743","16","c6","6","0","","false","-1","-1","3","2","1","1","false","2","0","2","0.5"
"e7b11062-876c-41c8-869a-199a348b899b","normal","b94776fe43f86698bf37","1","false","true","jev","657fab12-960f-458a-96c3-d508f383b49c","18","c4","4","5","","true","-1","-1","2","1","1","1","false","2","0","6","0.5"
"e7b11062-876c-41c8-869a-199a348b899b","normal","b94776fe43f86698bf37","1","false","true","jev","657fab12-960f-458a-96c3-d508f383b49c","18","c1","1","0","","false","-1","-1","4","3","1","1","false","1","1","3","0.5"
"e7b11062-876c-41c8-869a-199a348b899b","normal","b94776fe43f86698bf37","1","false","true","jev","657fab12-960f-458a-96c3-d508f383b49c","18","c5","5","0","","false","-1","-1","3","2","1","1","false","1","1","3","0.5"
"e7b11062-876c-41c8-869a-199a348b899b","normal","b94776fe43f86698bf37","1","false","true","jev","657fab12-960f-458a-96c3-d508f383b49c","18","c0","0","0","","false","-1","-1","3","2","1","1","false","2","0","4","0.5"
"e7b11062-876c-41c8-869a-199a348b899b","normal","b94776fe43f86698bf37","1","false","true","jev","657fab12-960f-458a-96c3-d508f383b49c","18","c6","6","0","","false","-1","-1","3","2","1","1","false","2","0","4","0.5"