"matchId","difficulty","opponentVersion","humanDisc","ranked","eligible","seq","type","utcMs","hash","prevHash"
"e7b11062-876c-41c8-869a-199a348b899b","normal","b94776fe43f86698bf37","1","false","false","1","match.started","1800000000000","a1477ef08af0cb135b23488eca43c554a287b76ee3f26885f9aa5422538c72de","0000000000000000000000000000000000000000000000000000000000000000"
"e7b11062-876c-41c8-869a-199a348b899b","normal","b94776fe43f86698bf37","1","false","false","2","move.accepted","1800000001700","673c3a308ba8e61cb78b1bf216d40303609c9464764260b7644b2bb2e54da891","a1477ef08af0cb135b23488eca43c554a287b76ee3f26885f9aa5422538c72de"
"e7b11062-876c-41c8-869a-199a348b899b","normal","b94776fe43f86698bf37","1","false","false","3","decision.prepared","1800000001700","f2ae36cb55f775ec6d65c49cc11bf7907e96289f47d29c72fa33741186142b73","673c3a308ba8e61cb78b1bf216d40303609c9464764260b7644b2bb2e54da891"
"e7b11062-876c-41c8-869a-199a348b899b","normal","b94776fe43f86698bf37","1","false","false","4","decision.completed","1800000001700","27ffd5087b9d10bb125be662692cff38919045cf6dde5535007336dbb9d3ec04","f2ae36cb55f775ec6d65c49cc11bf7907e96289f47d29c72fa33741186142b73"
"e7b11062-876c-41c8-869a-199a348b899b","normal","b94776fe43f86698bf37","1","false","false","5","move.accepted","1800000001700","a176bd362185c30585061ea47f4fc7fedf52f666bf193774b0f8029c3dbad87e","27ffd5087b9d10bb125be662692cff38919045cf6dde5535007336dbb9d3ec04"
"e7b11062-876c-41c8-869a-199a348b899b","normal","b94776fe43f86698bf37","1","false","false","6","move.accepted","1800000003400","c90d413e1de1d6af4a2a98f7450b4ea9b126fc9d12c9f16922c89ec6382fcbab","a176bd362185c30585061ea47f4fc7fedf52f666bf193774b0f8029c3dbad87e"
"e7b11062-876c-41c8-869a-199a348b899b","normal","b94776fe43f86698bf37","1","false","false","7","decision.prepared","1800000003400","a89ab7988d0dff3c952943ebde9649e8ce8d611ba12c50199958aafdbfa9d116","c90d413e1de1d6af4a2a98f7450b4ea9b126fc9d12c9f16922c89ec6382fcbab"
"e7b11062-876c-41c8-869a-199a348b899b","normal","b94776fe43f86698bf37","1","false","false","8","decision.completed","1800000003400","bc61a518160d2bf34b36ddb08272adfd2df5c939258174b541c81bd64e1e2a31","a89ab7988d0dff3c952943ebde9649e8ce8d611ba12c50199958aafdbfa9d116"
"e7b11062-876c-41c8-869a-199a348b899b","normal","b94776fe43f86698bf37","1","false","false","9","move.accepted","1800000003400","ba6ef79b2fd398da74bc1e2e5da13d6dabb5ce9240a9582f05d1d10023ecee2f","bc61a518160d2bf34b36ddb08272adfd2df5c939258174b541c81bd64e1e2a31"
"e7b11062-876c-41c8-869a-199a348b899b","normal","b94776fe43f86698bf37","1","false","false","10","move.accepted","1800000005100","dd0bf06d8d1e964b6589a24b6733e236fbb7a734e9332f41073a6803815398c7","ba6ef79b2fd398da74bc1e2e5da13d6dabb5ce9240a9582f05d1d10023ecee2f"
"e7b11062-876c-41c8-869a-199a348b899b","normal","b94776fe43f86698bf37","1","false","false","11","decision.prepared","1800000005100","28d493f2991a7738a24883b74db0add5b8310c554682a1ee77541af08fe73301","dd0bf06d8d1e964b6589a24b6733e236fbb7a734e9332f41073a6803815398c7"
"e7b11062-876c-41c8-869a-199a348b899b","normal","b94776fe43f86698bf37","1","false","false","12","decision.completed","1800000005100","77705de92efce770490236d981461c755ecbaff7b0fe43a279c274fc57b641a2","28d493f2991a7738a24883b74db0add5b8310c554682a1ee77541af08fe73301"
"e7b11062-876c-41c8-869a-199a348b899b","normal","b94776fe43f86698bf37","1","false","false","13","move.accepted","1800000005100","caf56c832cb2def771d430de320505434e5bbdf8f7ce78d7130f1c55311a7058","77705de92efce770490236d981461c755ecbaff7b0fe43a279c274fc57b641a2"
"e7b11062-876c-41c8-869a-199a348b899b","normal","b94776fe43f86698bf37","1","false","false","14","move.accepted","1800000006800","31cf93e66bf8fa68481165ecf1a428c3bf0df40074275c0e607192f4d1f23dab","caf56c832cb2def771d430de320505434e5bbdf8f7ce78d7130f1c55311a7058"
"e7b11062-876c-41c8-869a-199a348b899b","normal","b94776fe43f86698bf37","1","false","false","15","decision.prepared","1800000006800","064b5b98bb3c9a019ecc1ba2e13be2695cc10dffc27372f75230821490b01338","31cf93e66bf8fa68481165ecf1a428c3bf0df40074275c0e607192f4d1f23dab"
"e7b11062-876c-41c8-869a-199a348b899b","normal","b94776fe43f86698bf37","1","false","false","16","decision.completed","1800000006800","75a561648fbf2af9eed3c1f4073194b16dd8efb2b80915f377c15062058c855c","064b5b98bb3c9a019ecc1ba2e13be2695cc10dffc27372f75230821490b01338"
"e7b11062-876c-41c8-869a-199a348b899b","normal","b94776fe43f86698bf37","1","false","false","17","move.accepted","1800000006800","54a7855209cd676dc1b498101d14d7d1e220b79f3b6ef3fb2612ab6582665dd6","75a561648fbf2af9eed3c1f4073194b16dd8efb2b80915f377c15062058c855c"
"e7b11062-876c-41c8-869a-199a348b899b","normal","b94776fe43f86698bf37","1","false","false","18","move.accepted","1800000008500","9377fe645833ef810a5fae637a722ae7d67b56fb17f58da2bd3fe72fbc5daa3e","54a7855209cd676dc1b498101d14d7d1e220b79f3b6ef3fb2612ab6582665dd6"
"e7b11062-876c-41c8-869a-199a348b899b","normal","b94776fe43f86698bf37","1","false","false","19","decision.prepared","1800000008500","5e9b2f0f229f614500421a657fee11ef38a2fe6dfe77d73aabdc1430111682c4","9377fe645833ef810a5fae637a722ae7d67b56fb17f58da2bd3fe72fbc5daa3e"
"e7b11062-876c-41c8-869a-199a348b899b","normal","b94776fe43f86698bf37","1","false","false","20","decision.completed","1800000008500","112a79465bc871dd875e097c6c54e66f8f3fca6a22b7776602fec5e046c26ddb","5e9b2f0f229f614500421a657fee11ef38a2fe6dfe77d73aabdc1430111682c4"
"e7b11062-876c-41c8-869a-199a348b899b","normal","b94776fe43f86698bf37","1","false","false","21","move.accepted","1800000008500","372072832588414dc91ccf33a558beee5c421934c807f4084c8be04dd59c22e6","112a79465bc871dd875e097c6c54e66f8f3fca6a22b7776602fec5e046c26ddb"
"e7b11062-876c-41c8-869a-199a348b899b","normal","b94776fe43f86698bf37","1","false","false","22","move.accepted","1800000010200","27145338204304266fe3f72aea507bd9969236a738fbf83e57f4b3b98b1f08f4","372072832588414dc91ccf33a558beee5c421934c807f4084c8be04dd59c22e6"
"e7b11062-876c-41c8-869a-199a348b899b","normal","b94776fe43f86698bf37","1","false","false","23","decision.prepared","1800000010200","cd967dd9975f3fd1c3e0ece8d489eb4544c0a27a155b849f6a4d7d0f23e94213","27145338204304266fe3f72aea507bd9969236a738fbf83e57f4b3b98b1f08f4"
"e7b11062-876c-41c8-869a-199a348b899b","normal","b94776fe43f86698bf37","1","false","false","24","decision.completed","1800000010200","d5509f5476224943745e5961f4daae28b1b6217bbe4880bab18a1960984932a4","cd967dd9975f3fd1c3e0ece8d489eb4544c0a27a155b849f6a4d7d0f23e94213"
"e7b11062-876c-41c8-869a-199a348b899b","normal","b94776fe43f86698bf37","1","false","false","25","move.accepted","1800000010200","3b0cf14e01eaea39ee4b902bc64570887c8441184224706e1c255932ea9b1187","d5509f5476224943745e5961f4daae28b1b6217bbe4880bab18a1960984932a4"
"e7b11062-876c-41c8-869a-199a348b899b","normal","b94776fe43f86698bf37","1","false","false","26","move.accepted","1800000011900","4fff47689bba3425b763687e85fff01cafa69da7cdf1b4e1f9ce3ebcd1246bae","3b0cf14e01eaea39ee4b902bc64570887c8441184224706e1c255932ea9b1187"
"e7b11062-876c-41c8-869a-199a348b899b","normal","b94776fe43f86698bf37","1","false","false","27","decision.prepared","1800000011900","eaa532c0ca5e4938fb1ea73e55e1b527ef7225d2688ab2cab273b35108327cf2","4fff47689bba3425b763687e85fff01cafa69da7cdf1b4e1f9ce3ebcd1246bae"
"e7b11062-876c-41c8-869a-199a348b899b","normal","b94776fe43f86698bf37","1","false","false","28","decision.completed","1800000011900","7db3d6bdd71adba242c11768afaf053e4493846b46b090a21b86ad5d2b2cacf4","eaa532c0ca5e4938fb1ea73e55e1b527ef7225d2688ab2cab273b35108327cf2"
"e7b11062-876c-41c8-869a-199a348b899b","normal","b94776fe43f86698bf37","1","false","false","29","move.accepted","1800000011900","5497df8802903ab463d8d8c018af5990f4bbeea362ea304c4611d9f337e635ab","7db3d6bdd71adba242c11768afaf053e4493846b46b090a21b86ad5d2b2cacf4"
"e7b11062-876c-41c8-869a-199a348b899b","normal","b94776fe43f86698bf37","1","false","false","30","move.accepted","1800000013600","bee94fa088068b4cd380b71bc661be611ac7f839b610998980062c36b8c53b56","5497df8802903ab463d8d8c018af5990f4bbeea362ea304c4611d9f337e635ab"
"e7b11062-876c-41c8-869a-199a348b899b","normal","b94776fe43f86698bf37","1","false","false","31","decision.prepared","1800000013600","681913a12b83e4efe7983755a97d46f5defcd3a22435dd7e0d71ae45ba7e6329","bee94fa088068b4cd380b71bc661be611ac7f839b610998980062c36b8c53b56"
"e7b11062-876c-41c8-869a-199a348b899b","normal","b94776fe43f86698bf37","1","false","false","32","decision.completed","1800000013600","eb8b3a981f23623c71af605a4b2a32281ce7583c870ce082f090d7839a27e9b9","681913a12b83e4efe7983755a97d46f5defcd3a22435dd7e0d71ae45ba7e6329"
"e7b11062-876c-41c8-869a-199a348b899b","normal","b94776fe43f86698bf37","1","false","false","33","move.accepted","1800000013600","e0ad7653d88909a487d7b0670d98013cbde5537c2de3f6c82b8a73b9fd5bf43c","eb8b3a981f23623c71af605a4b2a32281ce7583c870ce082f090d7839a27e9b9"
"e7b11062-876c-41c8-869a-199a348b899b","normal","b94776fe43f86698bf37","1","false","false","34","move.accepted","1800000015300","bd88e81d8dab07afd6fba5577cd0203ba283e180d9e68e20ba67d18e481b836b","e0ad7653d88909a487d7b0670d98013cbde5537c2de3f6c82b8a73b9fd5bf43c"
"e7b11062-876c-41c8-869a-199a348b899b","normal","b94776fe43f86698bf37","1","false","false","35","decision.prepared","1800000015300","16a9c48b60c1c4785810b27460c53dd15ed1d869cafa2038657263f12eea1c2a","bd88e81d8dab07afd6fba5577cd0203ba283e180d9e68e20ba67d18e481b836b"
"e7b11062-876c-41c8-869a-199a348b899b","normal","b94776fe43f86698bf37","1","false","false","36","decision.completed","1800000015300","64af04564f74e144538fee44ac4ee98399578ddad27a47b9c1d078868035a0b4","16a9c48b60c1c4785810b27460c53dd15ed1d869cafa2038657263f12eea1c2a"
"e7b11062-876c-41c8-869a-199a348b899b","normal","b94776fe43f86698bf37","1","false","false","37","move.accepted","1800000015300","591b43d06ae82470e01e110bedfb85b957acdc002f8833afc5b7bc9a0212cfd2","64af04564f74e144538fee44ac4ee98399578ddad27a47b9c1d078868035a0b4"
"e7b11062-876c-41c8-869a-199a348b899b","normal","b94776fe43f86698bf37","1","false","false","38","move.accepted","1800000017000","a5199281dc174d974e3d99fafa678a5e9e49ce1a459905a1bf5f6915eb6f9d07","591b43d06ae82470e01e110bedfb85b957acdc002f8833afc5b7bc9a0212cfd2"
"e7b11062-876c-41c8-869a-199a348b899b","normal","b94776fe43f86698bf37","1","false","false","39","match.completed","1800000017000","14fae83d28a1975ddec9f1c494c59396709ae8179c62c48d77bd551a8063cc5f","a5199281dc174d974e3d99fafa678a5e9e49ce1a459905a1bf5f6915eb6f9d07"
"e7b11062-876c-41c8-869a-199a348b899b","normal","b94776fe43f86698bf37","1","false","false","40","match.verified","1800000017000","4fa72050af4dc26b9ae82bebccc42bd200982bb17a39e6943502bf42ce992c14","14fae83d28a1975ddec9f1c494c59396709ae8179c62c48d77bd551a8063cc5f"