"matchId","difficulty","opponentVersion","humanDisc","ranked","eligible","actor","column","decisionId","metrics","ply","postStateHash","preStateHash","row","turnElapsedMs","utcMs"
"e7b11062-876c-41c8-869a-199a348b899b","normal","b94776fe43f86698bf37","1","false","false","human","3","","{""allowedWinningReplies"":[],""avoidableImmediateLoss"":false,""blockedThreat"":false,""centerMove"":true,""immediateWinAvailable"":false,""legalCountBefore"":7,""missedImmediateWin"":false,""occupancyAfter"":0.023809523809523808,""openWindowsAfter"":{""opponent"":[62,0,0,0,0],""self"":[62,7,0,0,0]},""opponentThreatsBefore"":[],""playableThreatsAfter"":0,""safeAlternatives"":[3,2,4,1,5,0,6],""tookImmediateWin"":false,""unsupportedThreatsAfter"":0,""winningOptionsBefore"":[]}","1","5dc6d94d13ebdf020453ed5adff1525915f4e059815ff753f98f3e1919f34391","ad8a81d14e5bf81950606f727698b1c2ff606f3e3dfa5704014475a3ce6be43a","0","1700","1800000001700"
"e7b11062-876c-41c8-869a-199a348b899b","normal","b94776fe43f86698bf37","1","false","false","jev","3","008caae0-cb26-4551-b9a6-61d5c5c34ddf","{""allowedWinningReplies"":[],""avoidableImmediateLoss"":false,""blockedThreat"":false,""centerMove"":true,""immediateWinAvailable"":false,""legalCountBefore"":7,""missedImmediateWin"":false,""occupancyAfter"":0.047619047619047616,""openWindowsAfter"":{""opponent"":[53,6,0,0,0],""self"":[53,9,0,0,0]},""opponentThreatsBefore"":[],""playableThreatsAfter"":0,""safeAlternatives"":[3,2,4,1,5,0,6],""tookImmediateWin"":false,""unsupportedThreatsAfter"":0,""winningOptionsBefore"":[]}","2","87a514f589150cc6d5e71961693636711452acc423ae026c02bcdbe651d1fd62","5dc6d94d13ebdf020453ed5adff1525915f4e059815ff753f98f3e1919f34391","1","","1800000001700"
"e7b11062-876c-41c8-869a-199a348b899b","normal","b94776fe43f86698bf37","1","false","false","human","3","","{""allowedWinningReplies"":[],""avoidableImmediateLoss"":false,""blockedThreat"":false,""centerMove"":true,""immediateWinAvailable"":false,""legalCountBefore"":7,""missedImmediateWin"":false,""occupancyAfter"":0.07142857142857142,""openWindowsAfter"":{""opponent"":[42,8,0,0,0],""self"":[42,17,0,0,0]},""opponentThreatsBefore"":[],""playableThreatsAfter"":0,""safeAlternatives"":[3,2,4,1,5,0,6],""tookImmediateWin"":false,""unsupportedThreatsAfter"":0,""winningOptionsBefore"":[]}","3","7ffc95ca1cce25676469b19be13980549ddd7c92ce99c9dd9eaf26d7e78fce47","87a514f589150cc6d5e71961693636711452acc423ae026c02bcdbe651d1fd62","2","1700","1800000003400"
"e7b11062-876c-41c8-869a-199a348b899b","normal","b94776fe43f86698bf37","1","false","false","jev","3","c6528ffa-9785-4f13-bbbf-cb93b63d5a16","{""allowedWinningReplies"":[],""avoidableImmediateLoss"":false,""blockedThreat"":false,""centerMove"":true,""immediateWinAvailable"":false,""legalCountBefore"":7,""missedImmediateWin"":false,""occupancyAfter"":0.09523809523809523,""openWindowsAfter"":{""opponent"":[32,16,0,0,0],""self"":[32,18,0,0,0]},""opponentThreatsBefore"":[],""playableThreatsAfter"":0,""safeAlternatives"":[3,2,4,1,5,0,6],""tookImmediateWin"":false,""unsupportedThreatsAfter"":0,""winningOptionsBefore"":[]}","4","061a1ec1bea8459430e5e57df1eef16e20d0f9d71c4eac0da0b413adbc18ee89","7ffc95ca1cce25676469b19be13980549ddd7c92ce99c9dd9eaf26d7e78fce47","3","","1800000003400"
"e7b11062-876c-41c8-869a-199a348b899b","normal","b94776fe43f86698bf37","1","false","false","human","3","","{""allowedWinningReplies"":[],""avoidableImmediateLoss"":false,""blockedThreat"":false,""centerMove"":true,""immediateWinAvailable"":false,""legalCountBefore"":7,""missedImmediateWin"":false,""occupancyAfter"":0.11904761904761904,""openWindowsAfter"":{""opponent"":[24,18,0,0,0],""self"":[24,24,0,0,0]},""opponentThreatsBefore"":[],""playableThreatsAfter"":0,""safeAlternatives"":[3,2,4,1,5,0,6],""tookImmediateWin"":false,""unsupportedThreatsAfter"":0,""winningOptionsBefore"":[]}","5","51a6c17a219a7ed667bc0426c61c359310ed0baf3fe9e54ea7001c2505095d3b","061a1ec1bea8459430e5e57df1eef16e20d0f9d71c4eac0da0b413adbc18ee89","4","1700","1800000005100"
"e7b11062-876c-41c8-869a-199a348b899b","normal","b94776fe43f86698bf37","1","false","false","jev","3","04b6d2e7-b59a-4e85-9bcb-1efb2b613791","{""allowedWinningReplies"":[],""avoidableImmediateLoss"":false,""blockedThreat"":false,""centerMove"":true,""immediateWinAvailable"":false,""legalCountBefore"":7,""missedImmediateWin"":false,""occupancyAfter"":0.14285714285714285,""openWindowsAfter"":{""opponent"":[18,24,0,0,0],""self"":[18,24,0,0,0]},""opponentThreatsBefore"":[],""playableThreatsAfter"":0,""safeAlternatives"":[3,2,4,1,5,0,6],""tookImmediateWin"":false,""unsupportedThreatsAfter"":0,""winningOptionsBefore"":[]}","6","8c2d9b8e49663eb10e9daa1ca831452708bddc5269532290dd9db07256485908","51a6c17a219a7ed667bc0426c61c359310ed0baf3fe9e54ea7001c2505095d3b","5","","1800000005100"
"e7b11062-876c-41c8-869a-199a348b899b","normal","b94776fe43f86698bf37","1","false","false","human","2","","{""allowedWinningReplies"":[],""avoidableImmediateLoss"":false,""blockedThreat"":false,""centerMove"":false,""immediateWinAvailable"":false,""legalCountBefore"":6,""missedImmediateWin"":false,""occupancyAfter"":0.16666666666666666,""openWindowsAfter"":{""opponent"":[17,23,0,0,0],""self"":[17,22,3,0,0]},""opponentThreatsBefore"":[],""playableThreatsAfter"":0,""safeAlternatives"":[2,4,1,5,0,6],""tookImmediateWin"":false,""unsupportedThreatsAfter"":0,""winningOptionsBefore"":[]}","7","9df9bc2fdad792ef1d203fc4f4dd8d9aa299a587a5d8c1a829bccd53d66f17e7","8c2d9b8e49663eb10e9daa1ca831452708bddc5269532290dd9db07256485908","0","1700","1800000006800"
"e7b11062-876c-41c8-869a-199a348b899b","normal","b94776fe43f86698bf37","1","false","false","jev","2","71e668cd-b5f7-4b3e-bd36-2721bb712d1d","{""allowedWinningReplies"":[],""avoidableImmediateLoss"":false,""blockedThreat"":false,""centerMove"":false,""immediateWinAvailable"":false,""legalCountBefore"":6,""missedImmediateWin"":false,""occupancyAfter"":0.19047619047619047,""openWindowsAfter"":{""opponent"":[16,18,3,0,0],""self"":[16,21,3,0,0]},""opponentThreatsBefore"":[],""playableThreatsAfter"":0,""safeAlternatives"":[2,4,1,5,0,6],""tookImmediateWin"":false,""unsupportedThreatsAfter"":0,""winningOptionsBefore"":[]}","8","de9ff02f316d76e3d2dd3ef489b0b0841faf1c25001dba4e96f501e803bea22c","9df9bc2fdad792ef1d203fc4f4dd8d9aa299a587a5d8c1a829bccd53d66f17e7","1","","1800000006800"
"e7b11062-876c-41c8-869a-199a348b899b","normal","b94776fe43f86698bf37","1","false","false","human","2","","{""allowedWinningReplies"":[],""avoidableImmediateLoss"":false,""blockedThreat"":false,""centerMove"":false,""immediateWinAvailable"":false,""legalCountBefore"":6,""missedImmediateWin"":false,""occupancyAfter"":0.21428571428571427,""openWindowsAfter"":{""opponent"":[15,15,3,0,0],""self"":[15,16,6,0,0]},""opponentThreatsBefore"":[],""playableThreatsAfter"":0,""safeAlternatives"":[2,4,1,5,0,6],""tookImmediateWin"":false,""unsupportedThreatsAfter"":0,""winningOptionsBefore"":[]}","9","8b61d036a434b7984ec38481c0410782998c8812d7513618f53f82809ef533cf","de9ff02f316d76e3d2dd3ef489b0b0841faf1c25001dba4e96f501e803bea22c","2","1700","1800000008500"
"e7b11062-876c-41c8-869a-199a348b899b","normal","b94776fe43f86698bf37","1","false","false","jev","2","2e653b38-02d8-4fa7-a58a-b2d547c7e856","{""allowedWinningReplies"":[],""avoidableImmediateLoss"":false,""blockedThreat"":false,""centerMove"":false,""immediateWinAvailable"":false,""legalCountBefore"":6,""missedImmediateWin"":false,""occupancyAfter"":0.23809523809523808,""openWindowsAfter"":{""opponent"":[15,10,6,0,0],""self"":[15,12,6,0,0]},""opponentThreatsBefore"":[],""playableThreatsAfter"":0,""safeAlternatives"":[2,4,1,5,0,6],""tookImmediateWin"":false,""unsupportedThreatsAfter"":0,""winningOptionsBefore"":[]}","10","824ed9c645f3f3a3bef022cd5cbb38cde214714d24b336e8125cce3bae99739f","8b61d036a434b7984ec38481c0410782998c8812d7513618f53f82809ef533cf","3","","1800000008500"
"e7b11062-876c-41c8-869a-199a348b899b","normal","b94776fe43f86698bf37","1","false","false","human","2","","{""allowedWinningReplies"":[],""avoidableImmediateLoss"":false,""blockedThreat"":false,""centerMove"":false,""immediateWinAvailable"":false,""legalCountBefore"":6,""missedImmediateWin"":false,""occupancyAfter"":0.2619047619047619,""openWindowsAfter"":{""opponent"":[15,9,6,0,0],""self"":[15,7,9,0,0]},""opponentThreatsBefore"":[],""playableThreatsAfter"":0,""safeAlternatives"":[2,4,1,5,0,6],""tookImmediateWin"":false,""unsupportedThreatsAfter"":0,""winningOptionsBefore"":[]}","11","5a0dd8642f9344d4f44ac96cdef830792921e41b26bde7a2ac04b6aa028baa85","824ed9c645f3f3a3bef022cd5cbb38cde214714d24b336e8125cce3bae99739f","4","1700","1800000010200"
"e7b11062-876c-41c8-869a-199a348b899b","normal","b94776fe43f86698bf37","1","false","false","jev","2","3881d876-57e4-4bcb-ba7e-37aaec39a79e","{""allowedWinningReplies"":[],""avoidableImmediateLoss"":false,""blockedThreat"":false,""centerMove"":false,""immediateWinAvailable"":false,""legalCountBefore"":6,""missedImmediateWin"":false,""occupancyAfter"":0.2857142857142857,""openWindowsAfter"":{""opponent"":[15,6,9,0,0],""self"":[15,6,9,0,0]},""opponentThreatsBefore"":[],""playableThreatsAfter"":0,""safeAlternatives"":[2,4,1,5,0,6],""tookImmediateWin"":false,""unsupportedThreatsAfter"":0,""winningOptionsBefore"":[]}","12","6a0f92315dff710aea95f46d1a8848e4db6e3adefc324e5b5a598737749d8fcc","5a0dd8642f9344d4f44ac96cdef830792921e41b26bde7a2ac04b6aa028baa85","5","","1800000010200"
"e7b11062-876c-41c8-869a-199a348b899b","normal","b94776fe43f86698bf37","1","false","false","human","4","","{""allowedWinningReplies"":[],""avoidableImmediateLoss"":false,""blockedThreat"":false,""centerMove"":false,""immediateWinAvailable"":false,""legalCountBefore"":5,""missedImmediateWin"":false,""occupancyAfter"":0.30952380952380953,""openWindowsAfter"":{""opponent"":[14,6,9,0,0],""self"":[14,6,8,2,0]},""opponentThreatsBefore"":[],""playableThreatsAfter"":2,""safeAlternatives"":[4,1,5,0,6],""tookImmediateWin"":false,""unsupportedThreatsAfter"":0,""winningOptionsBefore"":[]}","13","712e46f42358ed951751f89d59af07ae53010e27bb5dca0b837ff11d76a449c7","6a0f92315dff710aea95f46d1a8848e4db6e3adefc324e5b5a598737749d8fcc","0","1700","1800000011900"
"e7b11062-876c-41c8-869a-199a348b899b","normal","b94776fe43f86698bf37","1","false","false","jev","4","6f26a92b-e0c0-490b-9851-51af2c6bb79a","{""allowedWinningReplies"":[1,5],""avoidableImmediateLoss"":false,""blockedThreat"":false,""centerMove"":false,""immediateWinAvailable"":false,""legalCountBefore"":5,""missedImmediateWin"":false,""occupancyAfter"":0.3333333333333333,""openWindowsAfter"":{""opponent"":[13,4,8,2,0],""self"":[13,6,8,2,0]},""opponentThreatsBefore"":[1,5],""playableThreatsAfter"":0,""safeAlternatives"":[],""tookImmediateWin"":false,""unsupportedThreatsAfter"":2,""winningOptionsBefore"":[]}","14","f078197c77eddacb5ec0b1ad3834279175a802035ea17a7e5669bdc7f5e806f9","712e46f42358ed951751f89d59af07ae53010e27bb5dca0b837ff11d76a449c7","1","","1800000011900"
"e7b11062-876c-41c8-869a-199a348b899b","normal","b94776fe43f86698bf37","1","false","false","human","4","","{""allowedWinningReplies"":[],""avoidableImmediateLoss"":false,""blockedThreat"":false,""centerMove"":false,""immediateWinAvailable"":true,""legalCountBefore"":5,""missedImmediateWin"":true,""occupancyAfter"":0.35714285714285715,""openWindowsAfter"":{""opponent"":[12,3,8,2,0],""self"":[12,4,7,4,0]},""opponentThreatsBefore"":[],""playableThreatsAfter"":2,""safeAlternatives"":[4,1,5,0,6],""tookImmediateWin"":false,""unsupportedThreatsAfter"":2,""winningOptionsBefore"":[1,5]}","15","bb8b899b5ca59a0966651a2384ff4adff61329ef89a73aadbf0cbc92cf68a36a","f078197c77eddacb5ec0b1ad3834279175a802035ea17a7e5669bdc7f5e806f9","2","1700","1800000013600"
"e7b11062-876c-41c8-869a-199a348b899b","normal","b94776fe43f86698bf37","1","false","false","jev","4","72a1d135-ef13-456e-935f-a95bc7e7e743","{""allowedWinningReplies"":[1,5],""avoidableImmediateLoss"":false,""blockedThreat"":false,""centerMove"":false,""immediateWinAvailable"":false,""legalCountBefore"":5,""missedImmediateWin"":false,""occupancyAfter"":0.38095238095238093,""openWindowsAfter"":{""opponent"":[12,1,7,4,0],""self"":[12,2,7,4,0]},""opponentThreatsBefore"":[1,5],""playableThreatsAfter"":0,""safeAlternatives"":[],""tookImmediateWin"":false,""unsupportedThreatsAfter"":4,""winningOptionsBefore"":[]}","16","c0dee7f05e7591a7c3a8d6e132d504c8627e89e7afac5464cda3fdd1296f1935","bb8b899b5ca59a0966651a2384ff4adff61329ef89a73aadbf0cbc92cf68a36a","3","","1800000013600"
"e7b11062-876c-41c8-869a-199a348b899b","normal","b94776fe43f86698bf37","1","false","false","human","4","","{""allowedWinningReplies"":[],""avoidableImmediateLoss"":false,""blockedThreat"":false,""centerMove"":false,""immediateWinAvailable"":true,""legalCountBefore"":5,""missedImmediateWin"":true,""occupancyAfter"":0.40476190476190477,""openWindowsAfter"":{""opponent"":[12,1,7,4,0],""self"":[12,0,6,6,0]},""opponentThreatsBefore"":[],""playableThreatsAfter"":2,""safeAlternatives"":[4,1,5,0,6],""tookImmediateWin"":false,""unsupportedThreatsAfter"":4,""winningOptionsBefore"":[1,5]}","17","58a43002075380c8f4eaea0c160b2df6ac7eb683d05bfa5b368d4468c76dd829","c0dee7f05e7591a7c3a8d6e132d504c8627e89e7afac5464cda3fdd1296f1935","4","1700","1800000015300"
"e7b11062-876c-41c8-869a-199a348b899b","normal","b94776fe43f86698bf37","1","false","false","jev","4","657fab12-960f-458a-96c3-d508f383b49c","{""allowedWinningReplies"":[1,5],""avoidableImmediateLoss"":false,""blockedThreat"":false,""centerMove"":false,""immediateWinAvailable"":false,""legalCountBefore"":5,""missedImmediateWin"":false,""occupancyAfter"":0.42857142857142855,""openWindowsAfter"":{""opponent"":[12,0,6,6,0],""self"":[12,0,6,6,0]},""opponentThreatsBefore"":[1,5],""playableThreatsAfter"":0,""safeAlternatives"":[],""tookImmediateWin"":false,""unsupportedThreatsAfter"":6,""winningOptionsBefore"":[]}","18","f068ebc5fd533daa3948a85593e74eb99a0b67d848ee942af9ebb0ebae753d61","58a43002075380c8f4eaea0c160b2df6ac7eb683d05bfa5b368d4468c76dd829","5","","1800000015300"
"e7b11062-876c-41c8-869a-199a348b899b","normal","b94776fe43f86698bf37","1","false","false","human","1","","{""allowedWinningReplies"":[],""avoidableImmediateLoss"":false,""blockedThreat"":false,""centerMove"":false,""immediateWinAvailable"":true,""legalCountBefore"":4,""missedImmediateWin"":false,""occupancyAfter"":0.4523809523809524,""openWindowsAfter"":{""opponent"":[11,0,6,6,0],""self"":[11,1,5,6,1]},""opponentThreatsBefore"":[],""playableThreatsAfter"":2,""safeAlternatives"":[1,5,0,6],""tookImmediateWin"":true,""unsupportedThreatsAfter"":4,""winningOptionsBefore"":[1,5]}","19","bab03721f88fb3ef06021e3880b16da1f6edaca1c4e6ac2a38ee29d9775581ef","f068ebc5fd533daa3948a85593e74eb99a0b67d848ee942af9ebb0ebae753d61","0","1700","1800000017000"