"matchId","difficulty","opponentVersion","humanDisc","ranked","eligible","decisionActor","decisionId","candidateId","column","selected","factor","score","normalizedScore","confidence","entropyBits","weight","p0","p1","p2","p3","p4"
"e7b11062-876c-41c8-869a-199a348b899b","normal","b94776fe43f86698bf37","1","false","false","jev","008caae0-cb26-4551-b9a6-61d5c5c34ddf","c3","3","true","attack","4","1","1","0","0.5","0","0","0","0","1"
"e7b11062-876c-41c8-869a-199a348b899b","normal","b94776fe43f86698bf37","1","false","false","jev","008caae0-cb26-4551-b9a6-61d5c5c34ddf","c3","3","true","safety","4","1","1","0","0.5","0","0","0","0","1"
"e7b11062-876c-41c8-869a-199a348b899b","normal","b94776fe43f86698bf37","1","false","false","jev","008caae0-cb26-4551-b9a6-61d5c5c34ddf","c2","2","false","attack","2","0.5","1","0","0.5","0","0","1","0","0"
"e7b11062-876c-41c8-869a-199a348b899b","normal","b94776fe43f86698bf37","1","false","false","jev","008caae0-cb26-4551-b9a6-61d5c5c34ddf","c2","2","false","safety","2","0.5","1","0","0.5","0","0","1","0","0"
"e7b11062-876c-41c8-869a-199a348b899b","normal","b94776fe43f86698bf37","1","false","false","jev","008caae0-cb26-4551-b9a6-61d5c5c34ddf","c4","4","false","attack","2","0.5","1","0","0.5","0","0","1","0","0"
"e7b11062-876c-41c8-869a-199a348b899b","normal","b94776fe43f86698bf37","1","false","false","jev","008caae0-cb26-4551-b9a6-61d5c5c34ddf","c4","4","false","safety","2","0.5","1","0","0.5","0","0","1","0","0"
"e7b11062-876c-41c8-869a-199a348b899b","normal","b94776fe43f86698bf37","1","false","false","jev","008caae0-cb26-4551-b9a6-61d5c5c34ddf","c1","1","false","attack","2","0.5","1","0","0.5","0","0","1","0","0"
"e7b11062-876c-41c8-869a-199a348b899b","normal","b94776fe43f86698bf37","1","false","false","jev","008caae0-cb26-4551-b9a6-61d5c5c34ddf","c1","1","false","safety","2","0.5","1","0","0.5","0","0","1","0","0"
"e7b11062-876c-41c8-869a-199a348b899b","normal","b94776fe43f86698bf37","1","false","false","jev","008caae0-cb26-4551-b9a6-61d5c5c34ddf","c5","5","false","attack","2","0.5","1","0","0.5","0","0","1","0","0"
"e7b11062-876c-41c8-869a-199a348b899b","normal","b94776fe43f86698bf37","1","false","false","jev","008caae0-cb26-4551-b9a6-61d5c5c34ddf","c5","5","false","safety","2","0.5","1","0","0.5","0","0","1","0","0"
"e7b11062-876c-41c8-869a-199a348b899b","normal","b94776fe43f86698bf37","1","false","false","jev","008caae0-cb26-4551-b9a6-61d5c5c34ddf","c0","0","false","attack","2","0.5","1","0","0.5","0","0","1","0","0"
"e7b11062-876c-41c8-869a-199a348b899b","normal","b94776fe43f86698bf37","1","false","false","jev","008caae0-cb26-4551-b9a6-61d5c5c34ddf","c0","0","false","safety","2","0.5","1","0","0.5","0","0","1","0","0"
"e7b11062-876c-41c8-869a-199a348b899b","normal","b94776fe43f86698bf37","1","false","false","jev","008caae0-cb26-4551-b9a6-61d5c5c34ddf","c6","6","false","attack","2","0.5","1","0","0.5","0","0","1","0","0"
"e7b11062-876c-41c8-869a-199a348b899b","normal","b94776fe43f86698bf37","1","false","false","jev","008caae0-cb26-4551-b9a6-61d5c5c34ddf","c6","6","false","safety","2","0.5","1","0","0.5","0","0","1","0","0"
"e7b11062-876c-41c8-869a-199a348b899b","normal","b94776fe43f86698bf37","1","false","false","jev","c6528ffa-9785-4f13-bbbf-cb93b63d5a16","c3","3","true","attack","4","1","1","0","0.5","0","0","0","0","1"
"e7b11062-876c-41c8-869a-199a348b899b","normal","b94776fe43f86698bf37","1","false","false","jev","c6528ffa-9785-4f13-bbbf-cb93b63d5a16","c3","3","true","safety","4","1","1","0","0.5","0","0","0","0","1"
"e7b11062-876c-41c8-869a-199a348b899b","normal","b94776fe43f86698bf37","1","false","false","jev","c6528ffa-9785-4f13-bbbf-cb93b63d5a16","c2","2","false","attack","2","0.5","1","0","0.5","0","0","1","0","0"
"e7b11062-876c-41c8-869a-199a348b899b","normal","b94776fe43f86698bf37","1","false","false","jev","c6528ffa-9785-4f13-bbbf-cb93b63d5a16","c2","2","false","safety","2","0.5","1","0","0.5","0","0","1","0","0"
"e7b11062-876c-41c8-869a-199a348b899b","normal","b94776fe43f86698bf37","1","false","false","jev","c6528ffa-9785-4f13-bbbf-cb93b63d5a16","c4","4","false","attack","2","0.5","1","0","0.5","0","0","1","0","0"
"e7b11062-876c-41c8-869a-199a348b899b","normal","b94776fe43f86698bf37","1","false","false","jev","c6528ffa-9785-4f13-bbbf-cb93b63d5a16","c4","4","false","safety","2","0.5","1","0","0.5","0","0","1","0","0"
"e7b11062-876c-41c8-869a-199a348b899b","normal","b94776fe43f86698bf37","1","false","false","jev","c6528ffa-9785-4f13-bbbf-cb93b63d5a16","c1","1","false","attack","2","0.5","1","0","0.5","0","0","1","0","0"
"e7b11062-876c-41c8-869a-199a348b899b","normal","b94776fe43f86698bf37","1","false","false","jev","c6528ffa-9785-4f13-bbbf-cb93b63d5a16","c1","1","false","safety","2","0.5","1","0","0.5","0","0","1","0","0"
"e7b11062-876c-41c8-869a-199a348b899b","normal","b94776fe43f86698bf37","1","false","false","jev","c6528ffa-9785-4f13-bbbf-cb93b63d5a16","c5","5","false","attack","2","0.5","1","0","0.5","0","0","1","0","0"
"e7b11062-876c-41c8-869a-199a348b899b","normal","b94776fe43f86698bf37","1","false","false","jev","c6528ffa-9785-4f13-bbbf-cb93b63d5a16","c5","5","false","safety","2","0.5","1","0","0.5","0","0","1","0","0"
"e7b11062-876c-41c8-869a-199a348b899b","normal","b94776fe43f86698bf37","1","false","false","jev","c6528ffa-9785-4f13-bbbf-cb93b63d5a16","c0","0","false","attack","2","0.5","1","0","0.5","0","0","1","0","0"
"e7b11062-876c-41c8-869a-199a348b899b","normal","b94776fe43f86698bf37","1","false","false","jev","c6528ffa-9785-4f13-bbbf-cb93b63d5a16","c0","0","false","safety","2","0.5","1","0","0.5","0","0","1","0","0"
"e7b11062-876c-41c8-869a-199a348b899b","normal","b94776fe43f86698bf37","1","false","false","jev","c6528ffa-9785-4f13-bbbf-cb93b63d5a16","c6","6","false","attack","2","0.5","1","0","0.5","0","0","1","0","0"
"e7b11062-876c-41c8-869a-199a348b899b","normal","b94776fe43f86698bf37","1","false","false","jev","c6528ffa-9785-4f13-bbbf-cb93b63d5a16","c6","6","false","safety","2","0.5","1","0","0.5","0","0","1","0","0"
"e7b11062-876c-41c8-869a-199a348b899b","normal","b94776fe43f86698bf37","1","false","false","jev","04b6d2e7-b59a-4e85-9bcb-1efb2b613791","c3","3","true","attack","4","1","1","0","0.5","0","0","0","0","1"
"e7b11062-876c-41c8-869a-199a348b899b","normal","b94776fe43f86698bf37","1","false","false","jev","04b6d2e7-b59a-4e85-9bcb-1efb2b613791","c3","3","true","safety","4","1","1","0","0.5","0","0","0","0","1"
"e7b11062-876c-41c8-869a-199a348b899b","normal","b94776fe43f86698bf37","1","false","false","jev","04b6d2e7-b59a-4e85-9bcb-1efb2b613791","c2","2","false","attack","2","0.5","1","0","0.5","0","0","1","0","0"
"e7b11062-876c-41c8-869a-199a348b899b","normal","b94776fe43f86698bf37","1","false","false","jev","04b6d2e7-b59a-4e85-9bcb-1efb2b613791","c2","2","false","safety","2","0.5","1","0","0.5","0","0","1","0","0"
"e7b11062-876c-41c8-869a-199a348b899b","normal","b94776fe43f86698bf37","1","false","false","jev","04b6d2e7-b59a-4e85-9bcb-1efb2b613791","c4","4","false","attack","2","0.5","1","0","0.5","0","0","1","0","0"
"e7b11062-876c-41c8-869a-199a348b899b","normal","b94776fe43f86698bf37","1","false","false","jev","04b6d2e7-b59a-4e85-9bcb-1efb2b613791","c4","4","false","safety","2","0.5","1","0","0.5","0","0","1","0","0"
"e7b11062-876c-41c8-869a-199a348b899b","normal","b94776fe43f86698bf37","1","false","false","jev","04b6d2e7-b59a-4e85-9bcb-1efb2b613791","c1","1","false","attack","2","0.5","1","0","0.5","0","0","1","0","0"
"e7b11062-876c-41c8-869a-199a348b899b","normal","b94776fe43f86698bf37","1","false","false","jev","04b6d2e7-b59a-4e85-9bcb-1efb2b613791","c1","1","false","safety","2","0.5","1","0","0.5","0","0","1","0","0"
"e7b11062-876c-41c8-869a-199a348b899b","normal","b94776fe43f86698bf37","1","false","false","jev","04b6d2e7-b59a-4e85-9bcb-1efb2b613791","c5","5","false","attack","2","0.5","1","0","0.5","0","0","1","0","0"
"e7b11062-876c-41c8-869a-199a348b899b","normal","b94776fe43f86698bf37","1","false","false","jev","04b6d2e7-b59a-4e85-9bcb-1efb2b613791","c5","5","false","safety","2","0.5","1","0","0.5","0","0","1","0","0"
"e7b11062-876c-41c8-869a-199a348b899b","normal","b94776fe43f86698bf37","1","false","false","jev","04b6d2e7-b59a-4e85-9bcb-1efb2b613791","c0","0","false","attack","2","0.5","1","0","0.5","0","0","1","0","0"
"e7b11062-876c-41c8-869a-199a348b899b","normal","b94776fe43f86698bf37","1","false","false","jev","04b6d2e7-b59a-4e85-9bcb-1efb2b613791","c0","0","false","safety","2","0.5","1","0","0.5","0","0","1","0","0"
"e7b11062-876c-41c8-869a-199a348b899b","normal","b94776fe43f86698bf37","1","false","false","jev","04b6d2e7-b59a-4e85-9bcb-1efb2b613791","c6","6","false","attack","2","0.5","1","0","0.5","0","0","1","0","0"
"e7b11062-876c-41c8-869a-199a348b899b","normal","b94776fe43f86698bf37","1","false","false","jev","04b6d2e7-b59a-4e85-9bcb-1efb2b613791","c6","6","false","safety","2","0.5","1","0","0.5","0","0","1","0","0"
"e7b11062-876c-41c8-869a-199a348b899b","normal","b94776fe43f86698bf37","1","false","false","jev","71e668cd-b5f7-4b3e-bd36-2721bb712d1d","c2","2","true","attack","2","0.5","1","0","0.5","0","0","1","0","0"
"e7b11062-876c-41c8-869a-199a348b899b","normal","b94776fe43f86698bf37","1","false","false","jev","71e668cd-b5f7-4b3e-bd36-2721bb712d1d","c2","2","true","safety","2","0.5","1","0","0.5","0","0","1","0","0"
"e7b11062-876c-41c8-869a-199a348b899b","normal","b94776fe43f86698bf37","1","false","false","jev","71e668cd-b5f7-4b3e-bd36-2721bb712d1d","c4","4","false","attack","2","0.5","1","0","0.5","0","0","1","0","0"
"e7b11062-876c-41c8-869a-199a348b899b","normal","b94776fe43f86698bf37","1","false","false","jev","71e668cd-b5f7-4b3e-bd36-2721bb712d1d","c4","4","false","safety","2","0.5","1","0","0.5","0","0","1","0","0"
"e7b11062-876c-41c8-869a-199a348b899b","normal","b94776fe43f86698bf37","1","false","false","jev","71e668cd-b5f7-4b3e-bd36-2721bb712d1d","c1","1","false","attack","2","0.5","1","0","0.5","0","0","1","0","0"
"e7b11062-876c-41c8-869a-199a348b899b","normal","b94776fe43f86698bf37","1","false","false","jev","71e668cd-b5f7-4b3e-bd36-2721bb712d1d","c1","1","false","safety","2","0.5","1","0","0.5","0","0","1","0","0"
"e7b11062-876c-41c8-869a-199a348b899b","normal","b94776fe43f86698bf37","1","false","false","jev","71e668cd-b5f7-4b3e-bd36-2721bb712d1d","c5","5","false","attack","2","0.5","1","0","0.5","0","0","1","0","0"
"e7b11062-876c-41c8-869a-199a348b899b","normal","b94776fe43f86698bf37","1","false","false","jev","71e668cd-b5f7-4b3e-bd36-2721bb712d1d","c5","5","false","safety","2","0.5","1","0","0.5","0","0","1","0","0"
"e7b11062-876c-41c8-869a-199a348b899b","normal","b94776fe43f86698bf37","1","false","false","jev","71e668cd-b5f7-4b3e-bd36-2721bb712d1d","c0","0","false","attack","2","0.5","1","0","0.5","0","0","1","0","0"
"e7b11062-876c-41c8-869a-199a348b899b","normal","b94776fe43f86698bf37","1","false","false","jev","71e668cd-b5f7-4b3e-bd36-2721bb712d1d","c0","0","false","safety","2","0.5","1","0","0.5","0","0","1","0","0"
"e7b11062-876c-41c8-869a-199a348b899b","normal","b94776fe43f86698bf37","1","false","false","jev","71e668cd-b5f7-4b3e-bd36-2721bb712d1d","c6","6","false","attack","2","0.5","1","0","0.5","0","0","1","0","0"
"e7b11062-876c-41c8-869a-199a348b899b","normal","b94776fe43f86698bf37","1","false","false","jev","71e668cd-b5f7-4b3e-bd36-2721bb712d1d","c6","6","false","safety","2","0.5","1","0","0.5","0","0","1","0","0"
"e7b11062-876c-41c8-869a-199a348b899b","normal","b94776fe43f86698bf37","1","false","false","jev","2e653b38-02d8-4fa7-a58a-b2d547c7e856","c2","2","true","attack","2","0.5","1","0","0.5","0","0","1","0","0"
"e7b11062-876c-41c8-869a-199a348b899b","normal","b94776fe43f86698bf37","1","false","false","jev","2e653b38-02d8-4fa7-a58a-b2d547c7e856","c2","2","true","safety","2","0.5","1","0","0.5","0","0","1","0","0"
"e7b11062-876c-41c8-869a-199a348b899b","normal","b94776fe43f86698bf37","1","false","false","jev","2e653b38-02d8-4fa7-a58a-b2d547c7e856","c4","4","false","attack","2","0.5","1","0","0.5","0","0","1","0","0"
"e7b11062-876c-41c8-869a-199a348b899b","normal","b94776fe43f86698bf37","1","false","false","jev","2e653b38-02d8-4fa7-a58a-b2d547c7e856","c4","4","false","safety","2","0.5","1","0","0.5","0","0","1","0","0"
"e7b11062-876c-41c8-869a-199a348b899b","normal","b94776fe43f86698bf37","1","false","false","jev","2e653b38-02d8-4fa7-a58a-b2d547c7e856","c1","1","false","attack","2","0.5","1","0","0.5","0","0","1","0","0"
"e7b11062-876c-41c8-869a-199a348b899b","normal","b94776fe43f86698bf37","1","false","false","jev","2e653b38-02d8-4fa7-a58a-b2d547c7e856","c1","1","false","safety","2","0.5","1","0","0.5","0","0","1","0","0"
"e7b11062-876c-41c8-869a-199a348b899b","normal","b94776fe43f86698bf37","1","false","false","jev","2e653b38-02d8-4fa7-a58a-b2d547c7e856","c5","5","false","attack","2","0.5","1","0","0.5","0","0","1","0","0"
"e7b11062-876c-41c8-869a-199a348b899b","normal","b94776fe43f86698bf37","1","false","false","jev","2e653b38-02d8-4fa7-a58a-b2d547c7e856","c5","5","false","safety","2","0.5","1","0","0.5","0","0","1","0","0"
"e7b11062-876c-41c8-869a-199a348b899b","normal","b94776fe43f86698bf37","1","false","false","jev","2e653b38-02d8-4fa7-a58a-b2d547c7e856","c0","0","false","attack","2","0.5","1","0","0.5","0","0","1","0","0"
"e7b11062-876c-41c8-869a-199a348b899b","normal","b94776fe43f86698bf37","1","false","false","jev","2e653b38-02d8-4fa7-a58a-b2d547c7e856","c0","0","false","safety","2","0.5","1","0","0.5","0","0","1","0","0"
"e7b11062-876c-41c8-869a-199a348b899b","normal","b94776fe43f86698bf37","1","false","false","jev","2e653b38-02d8-4fa7-a58a-b2d547c7e856","c6","6","false","attack","2","0.5","1","0","0.5","0","0","1","0","0"
"e7b11062-876c-41c8-869a-199a348b899b","normal","b94776fe43f86698bf37","1","false","false","jev","2e653b38-02d8-4fa7-a58a-b2d547c7e856","c6","6","false","safety","2","0.5","1","0","0.5","0","0","1","0","0"
"e7b11062-876c-41c8-869a-199a348b899b","normal","b94776fe43f86698bf37","1","false","false","jev","3881d876-57e4-4bcb-ba7e-37aaec39a79e","c2","2","true","attack","2","0.5","1","0","0.5","0","0","1","0","0"
"e7b11062-876c-41c8-869a-199a348b899b","normal","b94776fe43f86698bf37","1","false","false","jev","3881d876-57e4-4bcb-ba7e-37aaec39a79e","c2","2","true","safety","2","0.5","1","0","0.5","0","0","1","0","0"
"e7b11062-876c-41c8-869a-199a348b899b","normal","b94776fe43f86698bf37","1","false","false","jev","3881d876-57e4-4bcb-ba7e-37aaec39a79e","c4","4","false","attack","2","0.5","1","0","0.5","0","0","1","0","0"
"e7b11062-876c-41c8-869a-199a348b899b","normal","b94776fe43f86698bf37","1","false","false","jev","3881d876-57e4-4bcb-ba7e-37aaec39a79e","c4","4","false","safety","2","0.5","1","0","0.5","0","0","1","0","0"
"e7b11062-876c-41c8-869a-199a348b899b","normal","b94776fe43f86698bf37","1","false","false","jev","3881d876-57e4-4bcb-ba7e-37aaec39a79e","c1","1","false","attack","2","0.5","1","0","0.5","0","0","1","0","0"
"e7b11062-876c-41c8-869a-199a348b899b","normal","b94776fe43f86698bf37","1","false","false","jev","3881d876-57e4-4bcb-ba7e-37aaec39a79e","c1","1","false","safety","2","0.5","1","0","0.5","0","0","1","0","0"
"e7b11062-876c-41c8-869a-199a348b899b","normal","b94776fe43f86698bf37","1","false","false","jev","3881d876-57e4-4bcb-ba7e-37aaec39a79e","c5","5","false","attack","2","0.5","1","0","0.5","0","0","1","0","0"
"e7b11062-876c-41c8-869a-199a348b899b","normal","b94776fe43f86698bf37","1","false","false","jev","3881d876-57e4-4bcb-ba7e-37aaec39a79e","c5","5","false","safety","2","0.5","1","0","0.5","0","0","1","0","0"
"e7b11062-876c-41c8-869a-199a348b899b","normal","b94776fe43f86698bf37","1","false","false","jev","3881d876-57e4-4bcb-ba7e-37aaec39a79e","c0","0","false","attack","2","0.5","1","0","0.5","0","0","1","0","0"
"e7b11062-876c-41c8-869a-199a348b899b","normal","b94776fe43f86698bf37","1","false","false","jev","3881d876-57e4-4bcb-ba7e-37aaec39a79e","c0","0","false","safety","2","0.5","1","0","0.5","0","0","1","0","0"
"e7b11062-876c-41c8-869a-199a348b899b","normal","b94776fe43f86698bf37","1","false","false","jev","3881d876-57e4-4bcb-ba7e-37aaec39a79e","c6","6","false","attack","2","0.5","1","0","0.5","0","0","1","0","0"
"e7b11062-876c-41c8-869a-199a348b899b","normal","b94776fe43f86698bf37","1","false","false","jev","3881d876-57e4-4bcb-ba7e-37aaec39a79e","c6","6","false","safety","2","0.5","1","0","0.5","0","0","1","0","0"
"e7b11062-876c-41c8-869a-199a348b899b","normal","b94776fe43f86698bf37","1","false","false","jev","6f26a92b-e0c0-490b-9851-51af2c6bb79a","c4","4","true","attack","2","0.5","1","0","0.5","0","0","1","0","0"
"e7b11062-876c-41c8-869a-199a348b899b","normal","b94776fe43f86698bf37","1","false","false","jev","6f26a92b-e0c0-490b-9851-51af2c6bb79a","c4","4","true","safety","2","0.5","1","0","0.5","0","0","1","0","0"
"e7b11062-876c-41c8-869a-199a348b899b","normal","b94776fe43f86698bf37","1","false","false","jev","6f26a92b-e0c0-490b-9851-51af2c6bb79a","c1","1","false","attack","2","0.5","1","0","0.5","0","0","1","0","0"
"e7b11062-876c-41c8-869a-199a348b899b","normal","b94776fe43f86698bf37","1","false","false","jev","6f26a92b-e0c0-490b-9851-51af2c6bb79a","c1","1","false","safety","2","0.5","1","0","0.5","0","0","1","0","0"
"e7b11062-876c-41c8-869a-199a348b899b","normal","b94776fe43f86698bf37","1","false","false","jev","6f26a92b-e0c0-490b-9851-51af2c6bb79a","c5","5","false","attack","2","0.5","1","0","0.5","0","0","1","0","0"
"e7b11062-876c-41c8-869a-199a348b899b","normal","b94776fe43f86698bf37","1","false","false","jev","6f26a92b-e0c0-490b-9851-51af2c6bb79a","c5","5","false","safety","2","0.5","1","0","0.5","0","0","1","0","0"
"e7b11062-876c-41c8-869a-199a348b899b","normal","b94776fe43f86698bf37","1","false","false","jev","6f26a92b-e0c0-490b-9851-51af2c6bb79a","c0","0","false","attack","2","0.5","1","0","0.5","0","0","1","0","0"
"e7b11062-876c-41c8-869a-199a348b899b","normal","b94776fe43f86698bf37","1","false","false","jev","6f26a92b-e0c0-490b-9851-51af2c6bb79a","c0","0","false","safety","2","0.5","1","0","0.5","0","0","1","0","0"
"e7b11062-876c-41c8-869a-199a348b899b","normal","b94776fe43f86698bf37","1","false","false","jev","6f26a92b-e0c0-490b-9851-51af2c6bb79a","c6","6","false","attack","2","0.5","1","0","0.5","0","0","1","0","0"
"e7b11062-876c-41c8-869a-199a348b899b","normal","b94776fe43f86698bf37","1","false","false","jev","6f26a92b-e0c0-490b-9851-51af2c6bb79a","c6","6","false","safety","2","0.5","1","0","0.5","0","0","1","0","0"
"e7b11062-876c-41c8-869a-199a348b899b","normal","b94776fe43f86698bf37","1","false","false","jev","72a1d135-ef13-456e-935f-a95bc7e7e743","c4","4","true","attack","2","0.5","1","0","0.5","0","0","1","0","0"
"e7b11062-876c-41c8-869a-199a348b899b","normal","b94776fe43f86698bf37","1","false","false","jev","72a1d135-ef13-456e-935f-a95bc7e7e743","c4","4","true","safety","2","0.5","1","0","0.5","0","0","1","0","0"
"e7b11062-876c-41c8-869a-199a348b899b","normal","b94776fe43f86698bf37","1","false","false","jev","72a1d135-ef13-456e-935f-a95bc7e7e743","c1","1","false","attack","2","0.5","1","0","0.5","0","0","1","0","0"
"e7b11062-876c-41c8-869a-199a348b899b","normal","b94776fe43f86698bf37","1","false","false","jev","72a1d135-ef13-456e-935f-a95bc7e7e743","c1","1","false","safety","2","0.5","1","0","0.5","0","0","1","0","0"
"e7b11062-876c-41c8-869a-199a348b899b","normal","b94776fe43f86698bf37","1","false","false","jev","72a1d135-ef13-456e-935f-a95bc7e7e743","c5","5","false","attack","2","0.5","1","0","0.5","0","0","1","0","0"
"e7b11062-876c-41c8-869a-199a348b899b","normal","b94776fe43f86698bf37","1","false","false","jev","72a1d135-ef13-456e-935f-a95bc7e7e743","c5","5","false","safety","2","0.5","1","0","0.5","0","0","1","0","0"
"e7b11062-876c-41c8-869a-199a348b899b","normal","b94776fe43f86698bf37","1","false","false","jev","72a1d135-ef13-456e-935f-a95bc7e7e743","c0","0","false","attack","2","0.5","1","0","0.5","0","0","1","0","0"
"e7b11062-876c-41c8-869a-199a348b899b","normal","b94776fe43f86698bf37","1","false","false","jev","72a1d135-ef13-456e-935f-a95bc7e7e743","c0","0","false","safety","2","0.5","1","0","0.5","0","0","1","0","0"
"e7b11062-876c-41c8-869a-199a348b899b","normal","b94776fe43f86698bf37","1","false","false","jev","72a1d135-ef13-456e-935f-a95bc7e7e743","c6","6","false","attack","2","0.5","1","0","0.5","0","0","1","0","0"
"e7b11062-876c-41c8-869a-199a348b899b","normal","b94776fe43f86698bf37","1","false","false","jev","72a1d135-ef13-456e-935f-a95bc7e7e743","c6","6","false","safety","2","0.5","1","0","0.5","0","0","1","0","0"
"e7b11062-876c-41c8-869a-199a348b899b","normal","b94776fe43f86698bf37","1","false","false","jev","657fab12-960f-458a-96c3-d508f383b49c","c4","4","true","attack","2","0.5","1","0","0.5","0","0","1","0","0"
"e7b11062-876c-41c8-869a-199a348b899b","normal","b94776fe43f86698bf37","1","false","false","jev","657fab12-960f-458a-96c3-d508f383b49c","c4","4","true","safety","2","0.5","1","0","0.5","0","0","1","0","0"
"e7b11062-876c-41c8-869a-199a348b899b","normal","b94776fe43f86698bf37","1","false","false","jev","657fab12-960f-458a-96c3-d508f383b49c","c1","1","false","attack","2","0.5","1","0","0.5","0","0","1","0","0"
"e7b11062-876c-41c8-869a-199a348b899b","normal","b94776fe43f86698bf37","1","false","false","jev","657fab12-960f-458a-96c3-d508f383b49c","c1","1","false","safety","2","0.5","1","0","0.5","0","0","1","0","0"
"e7b11062-876c-41c8-869a-199a348b899b","normal","b94776fe43f86698bf37","1","false","false","jev","657fab12-960f-458a-96c3-d508f383b49c","c5","5","false","attack","2","0.5","1","0","0.5","0","0","1","0","0"
"e7b11062-876c-41c8-869a-199a348b899b","normal","b94776fe43f86698bf37","1","false","false","jev","657fab12-960f-458a-96c3-d508f383b49c","c5","5","false","safety","2","0.5","1","0","0.5","0","0","1","0","0"
"e7b11062-876c-41c8-869a-199a348b899b","normal","b94776fe43f86698bf37","1","false","false","jev","657fab12-960f-458a-96c3-d508f383b49c","c0","0","false","attack","2","0.5","1","0","0.5","0","0","1","0","0"
"e7b11062-876c-41c8-869a-199a348b899b","normal","b94776fe43f86698bf37","1","false","false","jev","657fab12-960f-458a-96c3-d508f383b49c","c0","0","false","safety","2","0.5","1","0","0.5","0","0","1","0","0"
"e7b11062-876c-41c8-869a-199a348b899b","normal","b94776fe43f86698bf37","1","false","false","jev","657fab12-960f-458a-96c3-d508f383b49c","c6","6","false","attack","2","0.5","1","0","0.5","0","0","1","0","0"
"e7b11062-876c-41c8-869a-199a348b899b","normal","b94776fe43f86698bf37","1","false","false","jev","657fab12-960f-458a-96c3-d508f383b49c","c6","6","false","safety","2","0.5","1","0","0.5","0","0","1","0","0"